group,label,policy,note,N,overrides,seeds,complete,green_per_h_mean,green_per_h_ci95,steady_green_per_h_mean,steady_green_per_h_ci95,makespan_h_mean,makespan_h_ci95,lat_p50_min_mean,lat_p50_min_ci95,lat_p95_min_mean,lat_p95_min_ci95,busy_pct_mean,busy_pct_ci95,rework_pct_mean,rework_pct_ci95,blocked_pct_mean,blocked_pct_ci95,idle_pct_mean,idle_pct_ci95,busy_agent_h_mean,busy_agent_h_ci95,rework_agent_h_mean,rework_agent_h_ci95,blocked_agent_h_mean,blocked_agent_h_ci95,idle_agent_h_mean,idle_agent_h_ci95,idle_placement_agent_h_mean,idle_placement_agent_h_ci95,idle_paused_agent_h_mean,idle_paused_agent_h_ci95,ci_min_mean,ci_min_ci95,ci_util_pct_mean,ci_util_pct_ci95,ci_runs_mean,ci_runs_ci95,ci_aborted_mean,ci_aborted_ci95,conflicts_mean,conflicts_ci95,dissolved_mean,dissolved_ci95,reds_mean,reds_ci95,culprits_mean,culprits_ci95,false_blames_mean,false_blames_ci95,fixes_mean,fixes_ci95,overlap_starts_mean,overlap_starts_ci95,max_red_age_min_mean,max_red_age_min_ci95,mean_red_age_min_mean,mean_red_age_min_ci95,green_staleness_min_mean,green_staleness_min_ci95,green_gap_max_min_mean,green_gap_max_min_ci95,paused_min_mean,paused_min_ci95,max_open_reds_mean,max_open_reds_ci95,bisect_rounds_mean,bisect_rounds_ci95,cancelled_units_mean,cancelled_units_ci95,searches_mean,searches_ci95,search_runs_mean,search_runs_ci95,suspect_hits_mean,suspect_hits_ci95,val_runs_mean,val_runs_ci95,R_mean,R_ci95,M_mean,M_ci95,wall_s_mean,wall_s_ci95
fair,batched k=1 released,batched,,20,"{""batch_k"": 1, ""queue_agents"": ""released""}",10,10,4.5675,1.1102,7.7694,0.2269,50.3229,16.0246,578.3137,31.8338,1155.4208,50.4318,9.86,2.3634,30.068,6.036,0.0,0.0,60.073,8.2213,86.903,4.0296,271.266,27.989,0.0,0.0,648.288,301.9393,0.0,0.0,0.0,0.0,2936.38,75.7224,56.117,14.0474,302.2,9.0026,33.6,4.2812,99.3,8.4236,21.8,6.1699,59.7,4.9907,53.4,5.1823,4.0,2.262,53.4,5.1823,0.0,0.0,0.0,0.0,0.0,0.0,295.782,321.7045,1095.131,947.5693,0.0,0.0,0.0,0.0,0.0,0.0,44.8,4.5089,0.0,0.0,0.0,0.0,0.0,0.0,0.0,0.0,2.0,0.0,200.0,0.0,0.023,0.0068
fair,batched k=4 suspects,batched,,20,"{""queue_suspects"": true}",10,10,6.3921,1.8661,11.6455,0.8949,38.6535,15.5656,25.0863,2.9397,361.7845,47.3171,13.714,3.8355,27.589,5.5782,15.569,4.7909,43.128,13.2772,86.903,4.0296,187.048,32.3839,97.589,10.1936,401.53,286.1297,30.346,29.7403,0.0,0.0,1898.92,114.9977,49.939,13.726,200.8,12.6384,32.4,4.1463,38.4,7.6982,5.1,1.2367,54.8,8.901,42.2,6.5106,1.4,0.9048,42.2,6.5106,0.0,0.0,0.0,0.0,0.0,0.0,243.274,305.4618,855.029,848.8574,0.0,0.0,0.0,0.0,13.2,3.3855,40.2,5.9923,0.0,0.0,0.0,0.0,27.6,5.2586,0.0,0.0,2.0,0.0,200.0,0.0,0.023,0.0068
fair,batched-par k=4 suspects,batched-par,,20,"{""batch_k"": 4, ""queue_suspects"": true}",10,10,6.0442,1.6776,12.047,0.7812,39.7619,14.8686,23.515,4.6303,350.7596,42.0925,12.946,3.356,26.894,5.6997,13.885,5.3685,46.274,13.5872,86.903,4.0296,188.013,26.3736,89.092,13.681,431.232,277.8564,37.772,46.7353,0.0,0.0,1856.3,109.5531,47.022,14.1075,194.6,12.5997,24.8,4.9992,39.0,6.8194,5.1,1.5977,51.4,8.8266,41.8,6.0771,1.2,0.5642,41.8,6.0771,0.0,0.0,0.0,0.0,0.0,0.0,221.066,238.5186,867.68,723.2659,0.0,0.0,0.0,0.0,10.7,4.5246,30.1,6.7814,0.0,0.0,0.0,0.0,26.7,6.2727,0.0,0.0,2.0,0.0,200.0,0.0,0.023,0.0068
fair,beanstalk no-budget,beanstalk,,20,"{""budget"": false}",10,10,6.7332,2.3697,,,37.3456,14.4419,1982.1535,848.2242,2213.9486,869.1415,14.54,5.2135,32.666,7.0612,0.152,0.0491,52.641,11.0835,86.903,4.0296,213.47,37.0583,0.903,0.0414,445.637,264.6109,7.241,14.2847,0.0,0.0,1451.52,104.7023,39.36,11.1196,144.7,10.2169,0.0,0.0,38.1,6.6116,5.5,2.1657,112.1,11.6099,46.8,7.1674,0.6,0.6032,46.8,7.1674,183.9,2.3951,1146.637,295.1822,265.289,32.2089,1097.581,436.2431,2217.67,869.5998,0.0,0.0,16.0,1.3488,0.0,0.0,0.0,0.0,14.4,1.9134,28.9,5.8933,33.2,6.666,115.7,11.3754,2.0,0.0,200.0,0.0,0.042,0.0094
fair,beanstalk quarantine,beanstalk,,20,"{""green_mode"": ""quarantine""}",10,10,3.5733,0.9093,3.8811,0.8453,62.8586,16.7469,167.3105,67.3426,884.4871,319.3473,7.719,1.9845,14.608,0.9985,0.076,0.0173,77.597,2.1809,86.903,4.0296,181.446,41.0891,0.857,0.0309,987.966,293.2614,11.505,10.0193,907.515,294.8573,1674.27,115.7235,24.327,4.8532,166.6,11.677,0.0,0.0,24.5,3.6977,6.1,1.3254,42.0,4.6357,44.4,7.7424,0.9,0.7113,44.4,7.7424,140.1,6.1018,1091.265,383.4777,350.153,56.3541,124.05,69.4207,685.164,372.448,3224.13,860.0116,9.3,1.2181,0.0,0.0,0.0,0.0,16.2,2.0176,29.2,6.6745,31.6,7.0345,137.4,11.5596,2.0,0.0,200.0,0.0,0.035,0.0038
fair,beanstalk quarantine no-budget,beanstalk,,20,"{""budget"": false, ""green_mode"": ""quarantine""}",10,10,5.1059,1.5741,6.5859,1.2293,48.3758,18.5011,690.9357,113.1764,1619.8836,315.5773,10.997,3.4046,23.547,5.2241,0.113,0.0347,65.342,7.849,86.903,4.0296,199.981,34.0618,0.887,0.0305,679.744,344.813,11.596,18.77,0.0,0.0,1438.09,117.7077,30.137,8.5765,143.2,11.7431,0.0,0.0,36.1,3.9962,7.0,1.9075,24.9,4.2311,44.3,7.3957,0.3,0.3455,44.3,7.3957,184.0,2.5007,1585.912,465.7649,651.704,103.7763,166.203,146.6672,608.127,436.076,0.0,0.0,20.1,5.647,0.0,0.0,0.0,0.0,15.4,1.5888,21.8,2.7969,31.5,6.8048,121.4,11.1643,2.0,0.0,200.0,0.0,0.04,0.0
fair,beanstalk-noplace quarantine,beanstalk-noplace,,20,"{""green_mode"": ""quarantine""}",10,10,3.3256,0.7327,3.5093,0.5391,66.186,17.0357,224.0187,72.5369,1292.5422,364.9386,7.17,1.5202,14.859,2.0239,0.074,0.0155,77.9,3.0856,86.903,4.0296,189.475,34.5558,0.881,0.0343,1046.462,309.7491,4.471,5.743,987.663,264.0292,1595.54,105.7723,21.918,4.6093,159.6,10.3943,0.0,0.0,35.5,5.6449,5.0,1.4698,34.2,3.5172,41.5,5.8817,0.5,0.6079,41.5,5.8817,0.0,0.0,1430.732,493.8897,438.755,57.1071,151.512,98.1367,750.736,394.8004,3709.8,1009.105,8.2,1.9312,0.0,0.0,0.0,0.0,14.6,2.9435,24.5,6.584,29.5,4.3608,135.1,6.8978,2.0,0.0,200.0,0.0,0.023,0.0068
fair,batched k=1 released,batched,,100,"{""batch_k"": 1, ""queue_agents"": ""released""}",10,10,11.2964,0.4996,14.4172,0.4768,88.8379,4.0427,1805.495,121.2221,3432.0203,134.0639,4.774,0.1974,21.374,0.7559,0.0,0.0,73.851,0.869,422.879,9.6195,1895.748,69.747,0.0,0.0,6565.158,359.6446,0.0,0.0,0.0,0.0,37006.24,1320.0347,69.523,2.0086,4071.5,136.8984,1234.3,54.4052,1117.6,35.5808,257.6,23.8441,804.4,49.0033,337.2,13.4153,19.7,1.909,337.2,13.4153,0.0,0.0,0.0,0.0,0.0,0.0,38.164,12.7362,480.933,134.7602,0.0,0.0,0.0,0.0,0.0,0.0,2714.6,123.5273,0.0,0.0,0.0,0.0,0.0,0.0,0.0,0.0,10.0,0.0,1000.0,0.0,0.203,0.0083
fair,batched k=4 suspects,batched,,100,"{""queue_suspects"": true}",10,10,10.1585,0.8119,12.4075,0.5524,99.6061,8.3368,382.3839,23.7596,828.1631,23.6766,4.294,0.3388,18.412,1.4128,54.544,5.2026,22.751,6.4549,422.879,9.6195,1817.748,90.2898,5368.128,301.3323,2351.855,873.311,224.245,137.0481,0.0,0.0,43187.77,1815.1982,73.14,6.5281,4518.6,183.02,1550.5,95.5126,978.8,57.275,172.2,16.3178,2020.4,103.911,357.5,12.8191,1.4,0.5001,357.5,12.8191,0.0,0.0,0.0,0.0,0.0,0.0,55.418,33.1599,584.81,268.9133,0.0,0.0,0.0,0.0,155.6,9.5267,3672.7,163.9266,0.0,0.0,0.0,0.0,315.9,12.6459,0.0,0.0,10.0,0.0,1000.0,0.0,0.319,0.0114
fair,batched-par k=4 suspects,batched-par,,100,"{""batch_k"": 4, ""queue_suspects"": true}",10,10,10.5349,0.8324,13.0815,0.6233,96.112,8.5843,367.1652,22.4006,806.6354,24.5289,4.454,0.3645,19.425,1.5655,52.059,5.004,24.062,6.6332,422.879,9.6195,1846.64,79.3361,4942.431,280.9121,2399.247,901.4877,261.824,134.7616,0.0,0.0,40532.21,1952.2739,71.185,6.6031,4279.1,199.2888,1533.8,99.6398,999.6,52.0863,179.8,18.6645,1858.1,119.4953,356.0,13.4161,3.3,1.4326,356.0,13.4161,0.0,0.0,0.0,0.0,0.0,0.0,70.01,67.6548,609.342,404.8121,0.0,0.0,0.0,0.0,154.9,11.2316,3422.6,173.9382,0.0,0.0,0.0,0.0,308.9,10.1129,0.0,0.0,10.0,0.0,1000.0,0.0,0.371,0.0156
fair,beanstalk no-budget,beanstalk,,100,"{""budget"": false}",10,10,17.696,1.7432,,,57.4943,5.781,3002.0758,342.4242,3430.1601,347.0535,7.471,0.6904,37.175,3.325,0.146,0.0152,55.209,3.9517,422.879,9.6195,2107.583,97.7825,8.19,0.2544,3210.781,545.5529,57.656,32.6229,0.0,0.0,11542.29,346.0685,34.007,3.2708,1147.5,32.9995,0.0,0.0,987.9,63.5112,104.0,12.6033,974.9,29.9926,331.6,18.9649,3.2,1.6792,331.6,18.9649,986.6,1.4775,1402.047,178.3378,272.077,9.0405,1712.796,176.8321,3437.572,350.2682,0.0,0.0,63.6,2.9046,0.0,0.0,0.0,0.0,102.3,9.0546,169.1,17.9745,232.5,12.9075,978.4,29.191,10.0,0.0,1000.0,0.0,0.347,0.0059
fair,beanstalk quarantine,beanstalk,,100,"{""green_mode"": ""quarantine""}",10,10,5.6981,0.3697,5.7348,0.3571,176.8098,11.538,591.3572,91.4495,2129.9566,283.492,2.408,0.1402,8.794,0.6122,0.037,0.0035,88.762,0.7271,422.879,9.6195,1544.357,55.9342,6.718,0.1551,15707.025,1140.2702,34.058,10.7134,15566.67,1112.0458,11505.1,268.8168,10.919,0.69,1144.5,26.6606,0.0,0.0,565.8,34.8521,77.1,9.1942,380.0,22.2628,334.0,16.3463,3.9,1.2818,334.0,16.3463,882.3,3.5213,1715.763,272.4145,621.412,59.2491,59.009,15.7337,497.183,186.7133,10132.9,740.2078,37.7,3.6325,0.0,0.0,0.0,0.0,117.9,9.0947,157.9,14.1159,232.7,10.6474,986.5,21.0641,10.0,0.0,1000.0,0.0,0.338,0.013
fair,beanstalk quarantine no-budget,beanstalk,,100,"{""budget"": false, ""green_mode"": ""quarantine""}",10,10,7.302,0.8463,7.8455,1.5434,139.9295,14.9337,2320.4899,146.3724,6569.4782,866.3971,3.085,0.3451,14.776,1.956,0.056,0.0077,82.082,2.2798,422.879,9.6195,2022.776,100.4672,7.911,0.2134,11539.385,1490.5152,74.059,21.242,0.0,0.0,11771.3,311.8153,14.296,1.5166,1173.0,31.0626,0.0,0.0,848.3,46.4638,94.6,10.6749,358.3,49.8508,343.1,18.3005,3.1,1.09,343.1,18.3005,986.6,1.4775,4985.642,699.3073,2085.534,208.2964,53.699,28.9349,438.739,214.4922,0.0,0.0,56.8,23.69,0.0,0.0,0.0,0.0,121.5,8.9675,164.7,13.3014,240.3,11.72,1008.2,25.1135,10.0,0.0,1000.0,0.0,0.822,0.0252
fair,beanstalk-noplace quarantine,beanstalk-noplace,,100,"{""green_mode"": ""quarantine""}",10,10,6.2678,0.7669,6.3927,0.6446,163.3273,17.7182,630.859,85.2703,2083.7625,175.4596,2.651,0.3374,9.394,0.9357,0.043,0.0035,87.911,1.2496,422.879,9.6195,1508.384,81.253,6.788,0.1316,14394.681,1726.1051,36.73,21.2832,14258.939,1707.606,11228.7,355.6115,11.692,1.2898,1115.5,34.6828,0.0,0.0,597.0,25.837,80.1,9.396,354.9,35.2876,322.1,17.0092,2.7,0.8294,322.1,17.0092,0.0,0.0,1669.63,135.24,637.861,51.993,54.545,12.859,462.721,125.3648,9434.1,994.5561,37.2,3.6129,0.0,0.0,0.0,0.0,114.7,8.6762,153.2,17.5012,223.9,12.4921,962.3,21.5202,10.0,0.0,1000.0,0.0,0.152,0.0154
fair,batched k=1 released,batched,,1000,"{""batch_k"": 1, ""queue_agents"": ""released""}",10,10,13.6647,0.2541,14.4835,0.19,732.2586,13.6589,19491.3459,449.7441,37107.6368,559.1853,0.583,0.0107,3.362,0.0377,0.0,0.0,96.056,0.0469,4265.32,19.8639,24602.553,331.263,0.0,0.0,703390.73,13388.4616,0.0,0.0,0.0,0.0,760623.92,9841.2907,17.318,0.2453,80536.7,1032.1321,24360.3,454.9483,17998.9,151.5542,5126.1,214.5751,16906.1,381.5591,3581.2,55.2603,204.5,11.9087,3581.2,55.2603,0.0,0.0,0.0,0.0,0.0,0.0,28.085,15.9538,1011.148,517.4439,0.0,0.0,0.0,0.0,0.0,0.0,66751.0,980.4831,0.0,0.0,0.0,0.0,0.0,0.0,0.0,0.0,100.0,0.0,10000.0,0.0,6.42,0.6933
fair,beanstalk no-budget,beanstalk,,1000,"{""budget"": false}",10,10,43.3052,2.7749,,,232.7262,16.1412,11966.1132,984.8326,13944.4435,968.5047,1.846,0.1191,51.225,3.5196,0.284,0.0197,46.644,3.6553,4265.32,19.8639,118240.741,1589.3143,654.858,8.249,109565.273,16616.0347,3008.916,723.119,0.0,0.0,168751.91,2714.9824,12.191,0.8894,16790.5,268.3071,0.0,0.0,93336.1,1292.5074,3944.9,194.9671,12915.4,135.9018,7432.3,177.828,76.7,5.2026,7432.3,177.828,9986.3,1.6189,6609.524,402.5641,460.893,5.6562,6971.425,483.9829,13953.199,968.2093,0.0,0.0,490.7,10.7695,0.0,0.0,0.0,0.0,2245.3,73.795,3871.0,144.3811,5263.8,115.4343,12919.5,134.849,100.0,0.0,10000.0,0.0,27.321,1.0707
fair,beanstalk quarantine,beanstalk,,1000,"{""green_mode"": ""quarantine""}",10,10,12.5601,1.2451,13.7826,1.6774,809.3775,76.6261,2292.0581,142.4923,9475.4427,631.8881,0.537,0.0519,5.606,0.6684,0.035,0.0051,93.82,0.7214,4265.32,19.8639,44513.925,1082.639,288.598,6.5233,760309.656,77330.054,194.512,69.3399,759132.963,77320.2272,156239.98,2402.0856,3.27,0.3176,15552.1,233.143,0.0,0.0,32865.5,1110.1641,2779.4,139.8389,3453.8,184.5409,6387.8,153.885,57.9,5.0518,6387.8,153.885,9819.2,12.7771,6527.435,291.0687,1958.489,127.3025,36.267,4.547,637.169,110.9152,48102.43,4539.8952,538.9,63.1674,0.0,0.0,0.0,0.0,2132.5,69.4206,3296.2,163.0642,4501.7,94.7434,12255.9,123.7582,100.0,0.0,10000.0,0.0,23.294,2.8786
fair,beanstalk quarantine no-budget,beanstalk,,1000,"{""budget"": false, ""green_mode"": ""quarantine""}",10,10,22.0627,6.7722,43.7993,23.3494,541.0307,164.7047,9987.2449,3653.3908,24757.1533,9813.3915,0.94,0.2867,20.954,7.983,0.124,0.0463,77.98,8.3177,4265.32,19.8639,90533.584,8624.8217,536.029,47.2969,445695.742,173117.3063,1902.262,780.3563,0.0,0.0,160718.93,7116.1151,5.778,1.5619,15985.8,709.3544,0.0,0.0,71130.9,7806.1825,3130.8,283.3836,3990.8,1448.1909,6424.4,351.9984,64.2,10.5711,6424.4,351.9984,9986.3,1.6189,18103.172,9256.9544,6711.631,3178.0218,42.628,9.8085,756.024,268.4158,0.0,0.0,2005.3,753.5862,0.0,0.0,0.0,0.0,2121.4,117.598,3445.3,456.057,4544.8,251.2037,12540.5,277.2117,100.0,0.0,10000.0,0.0,201.767,51.4387
fair,beanstalk-noplace quarantine,beanstalk-noplace,,1000,"{""green_mode"": ""quarantine""}",10,10,12.9232,1.2201,15.1678,2.4331,785.5486,71.7807,2343.4701,134.4012,9167.7913,660.0338,0.552,0.0519,5.945,0.7878,0.039,0.0063,93.464,0.8458,4265.32,19.8639,45759.058,1919.0971,298.399,12.877,735225.766,73217.755,231.159,97.8337,734034.337,73366.5565,156016.84,2194.2587,3.357,0.3024,15523.7,219.2678,0.0,0.0,34373.1,1997.2564,2897.6,199.8999,3259.5,302.9533,6454.4,219.2212,62.2,5.2758,6454.4,219.2212,0.0,0.0,6355.093,350.2326,1933.378,155.9907,38.647,4.809,610.709,114.6621,46630.18,4272.7111,559.6,70.6311,0.0,0.0,0.0,0.0,2146.9,80.6931,3359.1,153.961,4552.8,163.8804,12164.5,118.0405,100.0,0.0,10000.0,0.0,19.234,3.1166
main,batched k=4,batched,,5,{},10,10,3.2504,0.6139,4.3638,0.5788,16.5296,3.4925,11.1281,0.288,229.6897,59.5336,28.709,6.0844,33.863,5.8854,15.138,2.6952,22.292,8.2366,22.069,1.7169,28.418,8.6474,11.782,1.1739,20.38,10.9604,0.529,0.8013,0.0,0.0,628.86,37.5562,33.629,5.4519,63.8,4.2358,4.6,1.3572,2.1,1.141,0.6,0.7689,10.4,2.6594,8.9,2.2481,0.4,0.3694,8.9,2.2481,0.0,0.0,0.0,0.0,0.0,0.0,54.237,33.6783,263.609,143.2549,0.0,0.0,0.0,0.0,1.0,1.3488,5.1,1.5977,0.0,0.0,0.0,0.0,0.0,0.0,0.0,0.0,2.0,0.0,50.0,0.0,0.013,0.0068
main,batched+place,batched+place,,5,{},10,10,3.2501,0.5152,4.1124,0.4957,16.0802,2.5291,11.0811,0.2599,233.5125,66.3948,28.843,5.7379,37.547,5.4461,15.323,2.1982,18.291,4.0394,22.069,1.7169,31.21,8.924,11.873,0.8093,15.252,4.9904,0.682,1.5427,0.0,0.0,634.08,31.7914,34.081,4.6096,65.2,3.6598,6.0,1.6171,2.1,1.09,0.6,0.3694,11.3,2.5469,9.2,1.9604,1.2,0.6573,9.2,1.9604,8.3,1.9385,0.0,0.0,0.0,0.0,31.701,12.0316,175.278,68.4622,0.0,0.0,0.0,0.0,0.9,0.7872,6.3,1.6537,0.0,0.0,0.0,0.0,0.0,0.0,0.0,0.0,2.0,0.0,50.0,0.0,0.01,0.0
main,batched-aimd,batched-aimd,,5,{},10,10,3.0849,0.5735,4.1253,0.6005,17.231,3.1968,11.0442,0.255,239.7692,69.2099,27.196,5.5771,36.47,6.7783,13.974,2.5155,22.36,8.9509,22.069,1.7169,31.619,8.5802,11.357,0.459,21.11,11.0494,0.243,0.5497,0.0,0.0,631.88,34.9514,32.245,5.4642,64.9,3.6544,5.6,1.4775,2.1,0.7872,0.6,0.7689,10.3,2.3616,9.0,2.3844,1.2,0.5642,9.0,2.3844,0.0,0.0,0.0,0.0,0.0,0.0,55.631,33.4788,265.289,145.6921,0.0,0.0,0.0,0.0,0.1,0.2262,6.0,1.4698,0.0,0.0,0.0,0.0,0.0,0.0,0.0,0.0,2.0,0.0,50.0,0.0,0.013,0.0068
main,beanstalk,beanstalk,,5,{},10,10,2.7698,0.5236,4.2078,2.3383,19.3387,3.9449,193.3203,80.3385,552.9245,182.3808,24.491,5.223,27.555,5.4023,0.207,0.0377,47.749,4.723,22.069,1.7169,27.323,8.7853,0.188,0.0094,47.114,13.0217,0.567,1.1113,41.004,13.7855,553.41,28.6255,25.482,4.8043,55.1,2.9483,0.0,0.0,1.9,0.6263,0.9,0.7113,34.9,5.5145,9.1,2.3712,0.2,0.3016,9.1,2.3712,4.6,1.8531,385.752,152.3086,190.194,31.637,205.844,67.287,568.826,179.9697,796.78,259.142,3.0,0.6744,0.0,0.0,0.0,0.0,3.1,1.3254,3.4,1.5888,6.6,1.8221,51.6,2.0288,2.0,0.0,50.0,0.0,0.01,0.0
main,beanstalk-noplace,beanstalk-noplace,,5,{},10,10,2.6746,0.6079,4.7426,1.6765,20.6486,5.0126,184.9694,78.5083,508.0319,188.64,23.667,5.9433,27.603,4.8767,0.201,0.042,48.53,5.1222,22.069,1.7169,29.372,10.1328,0.19,0.0101,51.614,16.5765,0.219,0.2783,38.47,14.7381,565.81,35.229,25.002,5.4636,56.7,2.9599,0.0,0.0,2.4,1.3146,0.8,0.5642,36.5,7.8954,9.0,2.3844,0.3,0.3455,9.0,2.3844,0.0,0.0,377.447,152.2085,189.001,32.3491,189.567,58.0078,548.898,173.0375,773.05,250.3544,3.1,0.5278,0.0,0.0,0.0,0.0,2.9,1.4086,3.0,1.5452,6.7,1.8485,53.7,2.2124,2.0,0.0,50.0,0.0,0.013,0.0068
main,serial,serial,,5,{},10,10,2.9736,0.5391,3.8627,0.426,17.9183,3.4986,18.7199,2.1015,252.9646,73.7019,26.279,5.5269,32.529,5.4859,20.657,4.6234,20.536,7.3313,22.069,1.7169,30.122,9.2679,17.156,1.243,20.248,10.3485,0.0,0.0,0.0,0.0,610.65,27.9356,29.985,4.7279,59.9,2.5335,0.0,0.0,2.0,0.9537,0.7,0.5889,9.9,2.5335,8.9,2.2481,1.0,0.8921,8.9,2.2481,0.0,0.0,0.0,0.0,0.0,0.0,44.785,25.2947,248.187,121.0331,0.0,0.0,0.0,0.0,0.0,0.0,0.0,0.0,0.0,0.0,0.0,0.0,0.0,0.0,0.0,0.0,2.0,0.0,50.0,0.0,0.01,0.0
main,batched k=4,batched,,20,{},10,10,5.2388,1.4672,7.7162,0.809,45.6561,16.2338,72.9986,13.4844,454.2397,55.0639,11.287,3.1485,22.859,3.8111,32.529,9.1715,33.325,14.8681,86.903,4.0296,188.509,31.663,251.677,36.7008,386.034,300.5404,41.591,39.0917,0.0,0.0,2897.15,261.0202,62.124,15.6036,309.4,28.2004,65.3,8.5109,37.7,8.3558,4.2,1.2526,131.3,17.5766,42.8,5.2866,1.1,0.7113,42.8,5.2866,0.0,0.0,0.0,0.0,0.0,0.0,242.035,311.6235,874.036,907.2059,0.0,0.0,0.0,0.0,76.4,10.6215,98.4,13.9976,0.0,0.0,0.0,0.0,0.0,0.0,0.0,0.0,2.0,0.0,200.0,0.0,0.028,0.0121
main,batched+place,batched+place,,20,{},10,10,4.6465,1.1224,7.9893,1.2819,48.4281,13.2076,82.7622,21.831,441.0765,57.6216,10.027,2.3836,20.359,2.9772,31.072,9.1149,38.544,12.8306,86.903,4.0296,186.911,31.6205,269.511,52.1324,425.237,249.8905,61.187,51.8288,0.0,0.0,2991.7,389.6622,57.203,13.9756,318.0,43.0441,66.0,13.3268,29.1,4.7622,7.3,3.3559,136.4,28.6206,44.2,7.4855,1.0,0.4769,44.2,7.4855,174.9,4.2042,0.0,0.0,0.0,0.0,218.249,196.6105,928.294,661.3298,0.0,0.0,0.0,0.0,79.0,17.217,101.0,20.6794,0.0,0.0,0.0,0.0,0.0,0.0,0.0,0.0,2.0,0.0,200.0,0.0,0.04,0.0083
main,batched-aimd,batched-aimd,,20,{},10,10,5.4476,1.3896,8.2094,0.6504,43.1179,15.5077,70.4123,10.0031,421.2588,42.5303,11.737,2.9585,24.773,4.2364,29.262,7.1887,34.229,13.1093,86.903,4.0296,193.312,29.8403,217.594,25.2697,364.549,288.6118,45.241,31.572,0.0,0.0,2745.07,214.8635,61.438,13.8432,292.0,24.0383,52.9,6.7814,38.7,7.5479,6.0,1.1681,99.3,10.7643,43.4,4.9351,1.8,1.1583,43.4,4.9351,0.0,0.0,0.0,0.0,0.0,0.0,161.036,207.1225,659.783,688.2136,0.0,0.0,0.0,0.0,48.0,5.3209,75.1,8.854,0.0,0.0,0.0,0.0,0.0,0.0,0.0,0.0,2.0,0.0,200.0,0.0,0.024,0.009
main,beanstalk,beanstalk,,20,{},10,10,3.9751,1.1668,5.1441,1.479,59.3359,19.5222,752.7057,322.3196,1674.6039,898.3838,8.586,2.54,15.939,2.8141,0.087,0.0219,75.39,4.4025,86.903,4.0296,176.014,33.7188,0.87,0.0436,922.93,363.4223,3.546,5.9173,858.861,336.2086,1442.98,94.3588,23.488,5.9297,143.9,8.7701,0.0,0.0,27.4,6.6779,5.8,1.5004,100.2,10.3207,44.7,8.3558,0.4,0.3694,44.7,8.3558,140.2,5.2326,1028.693,404.2947,232.678,36.4059,628.65,338.6377,1678.641,898.0384,3174.03,1062.3014,10.0,1.1184,0.0,0.0,0.0,0.0,14.4,2.0566,32.3,6.539,31.1,7.1884,111.6,8.7555,2.0,0.0,200.0,0.0,0.035,0.0091
main,beanstalk-noplace,beanstalk-noplace,,20,{},10,10,3.8568,0.954,4.7967,1.4752,59.7447,19.0342,602.9407,93.911,1604.1125,488.0351,8.275,1.9145,17.059,3.4812,0.088,0.0223,74.581,4.8987,86.903,4.0296,188.355,36.6907,0.895,0.0315,918.742,351.5784,4.769,5.1024,861.19,316.0318,1414.15,80.8334,22.673,5.7842,141.0,7.7556,0.0,0.0,37.3,5.6126,5.7,1.5834,98.6,6.8377,42.6,6.6008,0.8,0.4524,42.6,6.6008,0.0,0.0,953.897,328.0414,244.755,37.7433,635.094,252.8766,1816.8,722.9166,2869.36,674.3996,9.8,2.0456,0.0,0.0,0.0,0.0,12.7,2.4327,28.6,7.4734,30.7,5.3108,112.4,5.7344,2.0,0.0,200.0,0.0,0.021,0.0098
main,serial,serial,,20,{},10,10,3.6901,0.725,4.7072,0.0936,59.3628,15.4615,175.8721,6.3123,502.0767,44.1837,7.973,1.5375,17.077,2.5135,50.894,10.3117,24.058,13.3694,86.903,4.0296,192.629,29.5929,550.6,16.6239,357.126,293.4628,17.657,24.183,0.0,0.0,2525.71,53.4793,38.772,7.3914,247.3,5.1366,0.0,0.0,38.7,6.2181,7.2,1.6792,47.3,5.1366,43.0,4.8748,4.3,1.2181,43.0,4.8748,0.0,0.0,0.0,0.0,0.0,0.0,191.5,268.7552,827.931,902.649,0.0,0.0,0.0,0.0,0.0,0.0,0.0,0.0,0.0,0.0,0.0,0.0,0.0,0.0,0.0,0.0,2.0,0.0,200.0,0.0,0.025,0.0077
main,batched k=4,batched,,100,{},10,10,5.133,0.2227,5.3469,0.2098,195.5094,9.0991,1024.1095,36.6027,1495.0192,53.4764,2.17,0.1023,8.494,0.3021,78.016,2.8675,11.318,3.1138,422.879,9.6195,1657.2,51.753,15224.593,557.3178,2246.269,736.6956,206.222,151.0658,0.0,0.0,100359.07,3201.9173,85.731,3.0398,10386.0,327.8419,4138.9,164.2846,943.9,52.6619,170.8,15.2442,4526.9,191.3644,339.9,10.1466,4.9,1.4871,339.9,10.1466,0.0,0.0,0.0,0.0,0.0,0.0,46.633,39.9292,571.872,433.5109,0.0,0.0,0.0,0.0,688.8,20.7584,8906.6,291.1854,0.0,0.0,0.0,0.0,0.0,0.0,0.0,0.0,10.0,0.0,1000.0,0.0,0.551,0.0353
main,batched+place,batched+place,,100,{},10,10,5.0933,0.3032,5.3198,0.2294,197.6382,12.4615,1040.7441,34.38,1518.0934,54.8218,2.153,0.1262,8.46,0.3866,79.299,2.6848,10.09,3.0479,422.879,9.6195,1666.177,77.155,15622.362,575.6322,2052.4,770.6299,229.833,124.8875,0.0,0.0,103121.94,3365.386,87.272,3.0731,10664.8,350.0707,4272.6,181.2112,919.3,38.0498,167.2,16.8862,4653.9,211.828,350.1,12.8421,3.0,0.826,350.1,12.8421,986.4,1.4385,0.0,0.0,0.0,0.0,35.068,19.2458,404.015,309.465,0.0,0.0,0.0,0.0,707.9,23.9825,9159.3,307.6315,0.0,0.0,0.0,0.0,0.0,0.0,0.0,0.0,10.0,0.0,1000.0,0.0,0.746,0.0203
main,batched-aimd,batched-aimd,,100,{},10,10,8.3872,0.4887,9.5131,0.1726,120.0579,8.113,534.409,7.782,948.1328,38.5944,3.546,0.2142,14.686,1.2596,64.816,3.8224,16.952,5.1238,422.879,9.6195,1748.511,81.6436,7729.608,115.9078,2104.792,823.3127,167.236,116.265,0.0,0.0,56804.48,914.5758,79.436,5.1228,6039.0,103.854,2093.8,53.7341,900.2,42.7416,165.1,16.0389,1676.2,36.0327,342.5,10.839,15.6,3.7123,342.5,10.839,0.0,0.0,0.0,0.0,0.0,0.0,49.026,47.2866,544.593,385.1317,0.0,0.0,0.0,0.0,210.5,5.4814,4674.8,83.5416,0.0,0.0,0.0,0.0,0.0,0.0,0.0,0.0,10.0,0.0,1000.0,0.0,0.289,0.026
main,beanstalk,beanstalk,,100,{},10,10,6.2601,1.1093,7.7016,1.6696,170.1884,34.2685,1498.6464,253.8506,4506.4704,2240.8291,2.647,0.4804,10.579,1.3384,0.046,0.0077,86.728,1.8112,422.879,9.6195,1721.224,114.4096,7.279,0.1863,14867.463,3335.0395,23.922,14.852,14490.401,3471.1446,11202.34,491.4378,11.551,1.6845,1116.1,48.7547,0.0,0.0,678.9,39.8458,92.0,5.602,863.4,39.0383,370.9,29.2829,5.6,1.3985,370.9,29.2829,895.7,6.8614,1083.401,163.3163,220.975,8.8601,1612.762,870.1471,4510.554,2240.3923,9919.38,2088.2956,37.8,2.4034,0.0,0.0,0.0,0.0,116.6,12.8011,226.2,26.7469,260.4,18.1374,889.9,39.3852,10.0,0.0,1000.0,0.0,0.29,0.0117
main,beanstalk-noplace,beanstalk-noplace,,100,{},10,10,6.7144,0.7991,9.3058,3.9609,152.7736,18.5105,1377.4342,252.7692,3495.9175,1380.3505,2.847,0.3712,11.089,1.0186,0.049,0.0063,86.018,1.3718,422.879,9.6195,1663.345,84.1848,7.288,0.1671,13183.844,1805.028,17.273,13.0828,12896.504,1828.8076,10940.65,394.7591,12.18,1.2011,1087.8,39.1264,0.0,0.0,688.8,38.6925,89.2,10.5549,850.1,27.9254,350.1,23.5182,3.6,1.2707,350.1,23.5182,0.0,0.0,1203.394,132.7549,223.882,3.4473,1312.343,556.6098,3499.813,1380.5512,8894.09,1120.6761,37.0,1.9075,0.0,0.0,0.0,0.0,110.2,11.7914,213.1,22.9108,244.0,13.4964,874.7,28.2263,10.0,0.0,1000.0,0.0,0.097,0.0035
main,serial,serial,,100,{},10,10,4.2619,0.1167,4.4479,0.0592,234.9648,6.815,1273.1493,11.7516,1603.0423,29.7582,1.8,0.0536,5.644,0.3303,83.171,2.2521,9.387,2.4797,422.879,9.6195,1324.603,75.2732,19516.626,195.0742,2232.377,676.4469,88.007,48.9356,0.0,0.0,13427.95,149.6444,9.537,0.2594,1313.1,13.9905,0.0,0.0,574.1,19.9445,117.4,10.6001,313.1,13.9905,292.3,15.3307,20.8,3.797,292.3,15.3307,0.0,0.0,0.0,0.0,0.0,0.0,26.612,25.5152,526.02,385.6975,0.0,0.0,0.0,0.0,0.0,0.0,0.0,0.0,0.0,0.0,0.0,0.0,0.0,0.0,0.0,0.0,10.0,0.0,1000.0,0.0,0.094,0.009
main,batched k=4,batched,,500,{},10,10,4.5851,0.0621,4.5844,0.0812,1090.8434,14.7791,6452.3,94.2703,7263.0646,129.14,0.389,0.0071,2.444,0.0539,91.251,0.4895,5.916,0.4725,2128.652,19.1432,13326.086,214.5958,497699.47,7370.7787,32267.485,2644.3443,2883.914,415.2056,0.0,0.0,1202954.32,16366.5081,36.759,0.1315,123510.8,1665.7195,52330.3,687.475,10710.1,225.0301,2172.3,57.1391,57971.1,1012.7472,2037.0,28.2926,17.4,3.0198,2037.0,28.2926,0.0,0.0,0.0,0.0,0.0,0.0,23.285,0.9748,286.725,113.7436,0.0,0.0,0.0,0.0,4145.2,58.8176,114966.0,1568.0837,0.0,0.0,0.0,0.0,0.0,0.0,0.0,0.0,50.0,0.0,5000.0,0.0,19.229,8.4719
main,batched+place,batched+place,,500,{},10,10,4.5659,0.0607,4.5598,0.0492,1095.4144,14.6286,6464.5988,67.1087,7321.6304,138.8936,0.389,0.0053,2.419,0.0449,91.262,0.4543,5.931,0.4309,2128.652,19.1432,13248.836,222.3819,499836.687,6685.3439,32493.019,2502.3104,2923.429,519.5033,0.0,0.0,1207945.12,15661.6689,36.758,0.1677,124065.3,1584.0498,52797.0,768.5613,10550.5,251.6685,2180.5,66.9739,58185.3,913.4401,2044.7,27.2152,21.1,4.0104,2044.7,27.2152,4986.2,1.1081,0.0,0.0,0.0,0.0,23.123,0.5447,270.755,76.334,0.0,0.0,0.0,0.0,4168.1,55.336,115477.5,1499.9759,0.0,0.0,0.0,0.0,0.0,0.0,0.0,0.0,50.0,0.0,5000.0,0.0,85.906,2.0146
main,batched-aimd,batched-aimd,,500,{},10,10,8.6439,0.166,8.7995,0.1534,578.8188,11.1232,3306.9467,51.5242,3797.3737,69.7074,0.736,0.0131,4.913,0.123,86.864,0.6913,7.486,0.7058,2128.652,19.1432,14212.407,330.5006,251351.82,3961.2324,21716.545,2358.1615,1734.448,342.8702,0.0,0.0,624701.23,9787.5764,35.982,0.2371,64968.5,1001.0183,23116.9,506.2036,11048.7,302.076,2276.0,75.0145,19321.0,350.7512,2111.6,44.0496,73.5,5.5536,2111.6,44.0496,0.0,0.0,0.0,0.0,0.0,0.0,15.392,2.3928,409.655,175.9357,0.0,0.0,0.0,0.0,967.9,8.5402,57548.6,929.7552,0.0,0.0,0.0,0.0,0.0,0.0,0.0,0.0,50.0,0.0,5000.0,0.0,14.181,2.4473
main,beanstalk,beanstalk,,500,{},10,9,9.7482,2.6833,11.1067,3.57,495.2401,82.7953,4850.827,2651.854,13782.6046,5774.6031,0.868,0.1623,7.505,1.2709,0.037,0.0083,91.588,1.4392,2046.083,183.9615,17792.637,1510.3459,86.6,7.5636,227694.721,41305.5622,65.61,36.2498,226971.241,41339.0719,73610.41,6594.7446,5.183,0.9041,7324.8,659.2992,0.0,0.0,11459.4,989.7003,1064.0,86.0657,5904.9,538.7173,2785.5,270.3658,26.7,4.0471,2785.3,270.7744,4628.1,418.7986,1585.022,181.414,242.396,3.4734,6484.039,3025.3589,16497.283,6078.1059,29437.6,4904.3977,153.8,6.4139,0.0,0.0,0.0,0.0,850.1,72.6032,1394.7,124.6264,1962.6,200.8544,5929.9,543.0732,50.0,0.0,5000.0,0.0,5.153,0.6876
main,beanstalk-noplace,beanstalk-noplace,,500,{},10,7,7.4885,3.5328,12.1881,4.1639,538.9334,94.0764,3672.4201,2353.8799,10994.4835,6143.9237,0.693,0.2501,6.146,1.9543,0.03,0.0112,93.132,2.211,1752.94,480.5644,15683.115,3908.7573,74.991,20.111,251955.648,46618.1588,40.662,28.2294,251421.375,46665.3148,63731.34,16613.126,4.177,1.4038,6342.2,1653.1442,0.0,0.0,9955.2,2698.4521,943.6,243.4407,5110.9,1325.3907,2435.4,607.3285,24.7,7.2325,2434.4,608.3456,0.0,0.0,1651.371,286.1353,247.264,7.557,7907.459,3483.7027,19427.873,6593.1913,32019.3,5653.2835,152.3,6.0325,0.0,0.0,0.0,0.0,748.4,195.0903,1204.6,326.932,1712.8,420.8415,5137.6,1332.9132,50.0,0.0,5000.0,0.0,2.066,0.666
main,serial,serial,,500,{},10,10,4.4828,0.0164,4.5153,0.0206,1115.409,4.0717,6572.051,28.3302,6931.9242,31.7065,0.382,0.0045,1.375,0.0211,92.357,0.4368,5.886,0.4299,2128.652,19.1432,7669.551,125.9238,515070.189,2148.9968,32836.141,2472.788,1583.132,328.2009,0.0,0.0,66453.47,238.8556,1.986,0.0077,6492.8,24.8633,0.0,0.0,4497.4,45.3068,1133.7,43.3141,1492.8,24.8633,1388.5,21.343,104.3,6.9274,1388.5,21.343,0.0,0.0,0.0,0.0,0.0,0.0,9.759,1.8498,326.362,224.7229,0.0,0.0,0.0,0.0,0.0,0.0,0.0,0.0,0.0,0.0,0.0,0.0,0.0,0.0,0.0,0.0,50.0,0.0,5000.0,0.0,0.783,0.0351
main,batched k=4,batched,,1000,{},10,10,4.6298,0.0331,4.6478,0.0477,2160.1346,15.5996,12804.977,96.4432,13972.7301,175.3774,0.198,0.003,1.266,0.0173,92.84,0.3082,5.696,0.3037,4265.32,19.8639,27341.114,252.5427,2005466.361,16301.9331,123061.823,6599.5699,11488.482,1256.3698,0.0,0.0,2397983.49,17610.2469,18.501,0.0314,246282.7,1845.7859,104454.3,1208.6263,22780.1,220.0043,5073.7,148.01,115038.4,1053.0626,4040.3,29.9292,38.7,3.2352,4040.3,29.9292,0.0,0.0,0.0,0.0,0.0,0.0,23.168,0.5455,417.734,154.4551,0.0,0.0,0.0,0.0,8237.9,60.1373,229283.3,1741.1835,0.0,0.0,0.0,0.0,0.0,0.0,0.0,0.0,100.0,0.0,10000.0,0.0,13.038,0.1207
main,batched+place,batched+place,,1000,{},10,10,4.6136,0.053,4.6247,0.0589,2168.0024,25.0913,12852.4194,134.5203,13965.7445,218.3498,0.197,0.0035,1.253,0.0155,92.712,0.266,5.839,0.2673,4265.32,19.8639,27154.397,215.1922,2009934.374,20278.1,126648.271,6865.5588,12602.25,1550.5903,0.0,0.0,2403774.92,22989.398,18.48,0.0545,246914.4,2321.2468,104617.7,968.3812,22531.5,198.3267,5084.2,136.1878,115591.7,1568.1698,4050.7,35.3031,41.7,6.1998,4050.7,35.3031,9986.3,1.6189,0.0,0.0,0.0,0.0,23.821,1.3591,516.819,253.8011,0.0,0.0,0.0,0.0,8261.7,80.6033,229897.7,2184.398,0.0,0.0,0.0,0.0,0.0,0.0,0.0,0.0,100.0,0.0,10000.0,0.0,23.339,0.199
main,batched-aimd,batched-aimd,,1000,{},10,10,8.6875,0.0648,8.7659,0.0491,1151.1884,8.671,6745.6155,39.5612,7287.69,36.7694,0.37,0.0034,2.607,0.0392,90.719,0.4774,6.306,0.4953,4265.32,19.8639,30000.522,402.5969,1044269.155,4178.0254,72653.372,6232.7489,6807.344,656.2824,0.0,0.0,1263229.38,4568.1791,18.291,0.0857,131351.4,435.1844,46792.3,270.064,24421.5,363.7189,5457.4,152.1191,39267.9,255.9282,4260.5,29.2086,149.9,7.5885,4260.5,29.2086,0.0,0.0,0.0,0.0,0.0,0.0,13.335,1.6077,312.187,198.5197,0.0,0.0,0.0,0.0,1955.1,12.7176,116449.6,408.051,0.0,0.0,0.0,0.0,0.0,0.0,0.0,0.0,100.0,0.0,10000.0,0.0,4.574,0.2676
main,beanstalk,beanstalk,,1000,{},10,7,11.9767,5.1312,19.047,4.5942,627.7719,90.7065,3934.7608,1699.7217,10687.3759,4630.7186,0.588,0.1382,7.467,1.6825,0.048,0.0106,91.897,1.832,3696.262,877.7462,47016.055,11000.1137,299.635,70.4889,576759.999,84552.6283,305.045,288.4267,573059.318,83674.1719,141200.39,32513.6375,3.742,0.8331,14047.7,3232.5246,0.0,0.0,36572.7,8692.0718,2866.1,658.5782,10383.2,2405.8492,6237.4,1420.6198,70.3,17.6895,6235.8,1421.7524,8512.0,1986.2933,2255.018,485.5476,252.991,2.9264,7208.273,3380.4013,18571.565,6052.5472,37467.71,5438.3385,286.8,6.5106,0.0,0.0,0.0,0.0,1890.9,424.348,3638.5,819.1889,4417.1,1014.5285,10409.1,2414.5284,100.0,0.0,10000.0,0.0,44.158,8.6067
main,beanstalk-noplace,beanstalk-noplace,,1000,{},10,7,12.0794,4.2074,16.835,3.3496,684.9499,104.647,4041.6105,1375.044,11457.5945,5571.0623,0.565,0.1251,7.245,1.4789,0.045,0.0097,92.145,1.6135,3800.315,725.4635,48772.034,8929.8342,310.701,58.1193,632066.823,100973.9109,501.547,422.5834,626517.38,101735.0777,146206.74,26721.2208,3.618,0.7295,14549.7,2660.9975,0.0,0.0,37835.3,7081.5161,2946.6,585.0464,10751.9,1983.946,6503.3,1196.9871,68.7,12.0642,6494.6,1194.2406,0.0,0.0,1941.983,281.4465,252.842,2.0859,6891.249,3065.956,18696.549,7153.8488,40777.74,6117.9131,292.3,9.6503,0.0,0.0,0.0,0.0,1970.1,351.2707,3771.4,672.449,4602.5,858.1959,10777.8,1990.4259,100.0,0.0,10000.0,0.0,7.435,3.4887
main,serial,serial,,1000,{},10,10,4.5436,0.0185,4.5722,0.0128,2200.9704,9.009,13054.0538,29.78,13490.5395,62.8213,0.193,0.0035,0.706,0.0097,93.462,0.2174,5.638,0.2207,4265.32,19.8639,15566.035,225.4245,2057017.631,5822.9006,124121.446,5269.8201,5908.907,452.7198,0.0,0.0,131425.28,366.2364,0.997,0.0035,12846.9,36.2649,0.0,0.0,10067.8,53.4881,2868.7,89.2916,2846.9,36.2649,2642.4,30.9309,204.5,9.3584,2642.4,30.9309,0.0,0.0,0.0,0.0,0.0,0.0,9.099,1.2445,377.645,231.4772,0.0,0.0,0.0,0.0,0.0,0.0,0.0,0.0,0.0,0.0,0.0,0.0,0.0,0.0,0.0,0.0,100.0,0.0,10000.0,0.0,8.505,0.7533
place,batched+place hard,batched+place,default point,20,"{""placement_fallback"": ""wait""}",10,10,4.1469,1.0115,4.9069,1.0663,54.7584,16.4671,17.1221,3.5118,328.7076,52.9415,8.954,2.1763,14.692,2.1688,10.622,3.3989,65.728,6.506,86.903,4.0296,152.401,26.3474,100.966,18.7197,754.903,313.0005,748.076,312.0009,0.0,0.0,2682.61,246.2656,46.137,10.9888,282.1,26.1116,41.3,8.349,10.1,2.1446,2.7,0.8953,82.1,16.4346,39.7,6.3089,2.6,0.9048,39.7,6.3089,0.0,0.0,0.0,0.0,0.0,0.0,149.852,192.8729,658.669,751.2285,0.0,0.0,0.0,0.0,34.8,9.566,57.3,12.3805,0.0,0.0,0.0,0.0,0.0,0.0,0.0,0.0,2.0,0.0,200.0,0.0,0.03,0.0
place,batched+place soft,batched+place,default point,20,"{""placement_fallback"": ""least-overlap""}",10,10,4.6465,1.1224,7.9893,1.2819,48.4281,13.2076,82.7622,21.831,441.0765,57.6216,10.027,2.3836,20.359,2.9772,31.072,9.1149,38.544,12.8306,86.903,4.0296,186.911,31.6205,269.511,52.1324,425.237,249.8905,61.187,51.8288,0.0,0.0,2991.7,389.6622,57.203,13.9756,318.0,43.0441,66.0,13.3268,29.1,4.7622,7.3,3.3559,136.4,28.6206,44.2,7.4855,1.0,0.4769,44.2,7.4855,174.9,4.2042,0.0,0.0,0.0,0.0,218.249,196.6105,928.294,661.3298,0.0,0.0,0.0,0.0,79.0,17.217,101.0,20.6794,0.0,0.0,0.0,0.0,0.0,0.0,0.0,0.0,2.0,0.0,200.0,0.0,0.041,0.0098
place,beanstalk hard,beanstalk,file-oracle,20,"{""flag_clean"": 0.05, ""flag_recall"": 1.0, ""placement_fallback"": ""wait""}",10,10,3.8185,0.9197,5.0641,1.3033,59.1594,16.6634,571.9417,141.692,1674.8091,936.9185,8.241,1.9481,14.099,2.1411,0.076,0.0185,77.583,3.7507,86.903,4.0296,156.365,23.1181,0.794,0.0214,939.129,313.0369,154.588,131.9373,774.781,204.3938,1376.45,105.0809,21.698,4.9475,137.1,10.258,0.0,0.0,4.9,1.6329,6.9,2.2982,88.4,10.4814,43.8,5.2542,0.2,0.3016,43.8,5.2542,0.0,0.0,931.862,412.8815,240.155,32.1184,622.812,392.9494,1695.271,951.3129,3022.57,914.1481,10.7,1.4717,0.0,0.0,0.0,0.0,13.6,2.7642,32.9,10.2247,31.0,4.648,104.1,8.9052,2.0,0.0,200.0,0.0,0.037,0.0101
place,beanstalk hard,beanstalk,hot-file-rule,20,"{""flag_clean"": 0.02, ""flag_recall"": 0.3, ""placement_fallback"": ""wait""}",10,10,3.887,0.8466,4.6322,1.724,57.7241,17.3185,653.322,157.711,1711.7271,823.4318,8.382,1.7757,16.829,2.9876,0.086,0.0179,74.702,4.3815,86.903,4.0296,180.144,25.8544,0.88,0.0352,886.555,328.0319,70.035,40.898,781.684,242.5523,1442.81,76.9042,23.335,5.0489,144.4,7.6463,0.0,0.0,31.7,5.6025,5.5,2.3423,102.4,8.1641,44.2,5.9733,0.4,0.3694,44.2,5.9733,0.0,0.0,942.495,408.4233,233.442,36.5732,621.374,292.2506,1717.502,822.5625,2955.86,680.0688,9.7,0.8294,0.0,0.0,0.0,0.0,14.1,2.4187,29.0,5.9274,31.1,5.1631,115.4,7.3815,2.0,0.0,200.0,0.0,0.026,0.009
place,beanstalk hard,beanstalk,module-level,20,"{""flag_clean"": 0.6, ""flag_recall"": 0.9, ""placement_fallback"": ""wait""}",10,10,2.3233,0.5688,2.4034,0.6246,94.0911,20.5859,233.6513,62.6757,1063.6774,539.2203,5.031,1.2623,6.821,0.6428,0.042,0.0094,88.104,1.1845,86.903,4.0296,128.061,26.4164,0.739,0.0198,1666.12,386.4738,1116.609,245.1117,535.945,156.9097,2216.07,74.3343,21.258,4.565,220.4,7.0988,0.0,0.0,2.6,1.4385,1.8,0.7388,140.1,17.7357,37.0,6.3084,0.1,0.2262,37.0,6.3084,0.0,0.0,896.946,358.4063,219.784,38.1923,363.483,212.9611,1398.444,835.8125,4331.7,1268.6459,4.9,0.6263,0.0,0.0,0.0,0.0,12.3,1.9385,13.7,2.5245,26.4,5.7542,206.7,6.651,2.0,0.0,200.0,0.0,0.033,0.0068
place,beanstalk hard,beanstalk,predicted-best,20,"{""flag_clean"": 0.15, ""flag_recall"": 0.6, ""placement_fallback"": ""wait""}",10,10,3.7598,1.0049,4.9576,1.8207,60.1092,15.6782,516.0671,146.5991,1513.5414,842.3147,8.124,2.149,14.043,2.1719,0.076,0.0194,77.756,3.4241,86.903,4.0296,162.459,31.2157,0.819,0.0289,952.005,288.371,185.308,89.6943,754.415,247.4032,1516.03,108.4587,23.281,5.1433,151.3,10.189,0.0,0.0,15.6,3.7275,5.2,1.4226,108.8,13.1239,43.0,6.9515,0.3,0.4828,43.0,6.9515,0.0,0.0,848.249,367.2853,230.245,35.5153,535.033,291.318,1520.858,844.5811,3093.25,911.3924,8.9,0.9802,0.0,0.0,0.0,0.0,12.6,2.1905,24.7,6.1074,31.2,6.225,126.6,10.476,2.0,0.0,200.0,0.0,0.033,0.0035
place,beanstalk hard,beanstalk,predicted-typical,20,"{""flag_clean"": 0.25, ""flag_recall"": 0.6, ""placement_fallback"": ""wait""}",10,10,3.1524,0.675,3.619,0.7577,70.1175,18.6015,630.1346,324.4623,1470.8845,867.6203,6.812,1.44,11.595,1.5661,0.062,0.0142,81.53,2.7097,86.903,4.0296,154.729,23.8802,0.795,0.02,1159.925,351.5231,379.879,140.5483,759.199,219.5811,1701.58,31.7941,22.332,4.7567,170.3,2.9017,0.0,0.0,11.9,2.2982,4.5,0.7726,125.7,4.9334,41.9,5.0292,0.2,0.3016,41.9,5.0292,0.0,0.0,882.508,358.7171,226.58,29.5027,571.068,319.965,1679.081,906.9374,3366.72,877.8677,7.8,1.1081,0.0,0.0,0.0,0.0,12.1,1.7667,19.0,4.7687,30.5,5.3449,151.2,4.534,2.0,0.0,200.0,0.0,0.037,0.009
place,beanstalk module hard,beanstalk,module sets,20,"{""placement_fallback"": ""wait"", ""placement_model"": ""module""}",10,10,1.8229,0.3554,1.9127,0.311,116.5189,20.9135,103.4711,59.352,631.7814,139.2702,3.948,0.7808,5.077,0.6926,0.033,0.0068,90.941,0.6067,86.903,4.0296,120.418,28.6025,0.735,0.0169,2122.321,391.2876,1668.534,310.1649,453.589,110.7916,2163.29,92.7065,16.271,2.5893,215.2,8.6286,0.0,0.0,3.0,1.5452,1.2,1.3403,98.5,14.2234,35.0,6.1625,0.2,0.3016,35.0,6.1625,0.0,0.0,871.458,392.3052,217.277,38.8787,298.043,193.5006,1343.975,880.2567,3429.33,918.4151,5.6,1.2707,0.0,0.0,0.0,0.0,11.9,1.6673,14.8,2.2316,25.1,5.4523,200.4,7.981,2.0,0.0,200.0,0.0,0.02,0.0
place,beanstalk module soft,beanstalk,module sets,20,"{""placement_fallback"": ""least-overlap"", ""placement_model"": ""module""}",10,10,3.7941,1.0082,5.0352,1.5083,60.803,18.3521,580.742,98.0252,1450.9166,709.544,8.165,2.1239,16.406,2.4661,0.086,0.0227,75.344,4.0012,86.903,4.0296,187.126,33.102,0.897,0.0346,941.135,338.6952,27.982,19.4503,799.362,283.1271,1443.43,74.1509,22.565,5.51,144.1,7.2042,0.0,0.0,40.0,6.3801,5.4,2.267,104.3,5.002,43.4,6.3012,0.0,0.0,43.4,6.3012,146.4,4.2945,944.382,330.0308,237.847,32.9344,614.513,288.9881,1736.465,878.6444,2789.38,731.8721,10.2,1.2972,0.0,0.0,0.0,0.0,13.2,1.7779,26.6,5.1604,30.7,5.4272,117.5,5.4083,2.0,0.0,200.0,0.0,0.023,0.0068
place,beanstalk soft,beanstalk,file-oracle,20,"{""flag_clean"": 0.05, ""flag_recall"": 1.0, ""placement_fallback"": ""least-overlap""}",10,10,4.0195,0.9553,4.7883,1.4536,56.4739,16.6695,585.0743,130.6447,1695.7239,951.798,8.667,2.0194,15.335,2.8237,0.083,0.0194,75.917,4.4203,86.903,4.0296,160.16,23.572,0.808,0.0286,881.609,315.8695,7.574,9.9595,787.654,235.7975,1346.99,105.2103,22.389,5.1882,134.2,10.2378,0.0,0.0,8.7,2.7816,7.0,2.4779,88.2,10.3317,44.0,5.5918,0.1,0.2262,44.0,5.5918,14.0,4.6234,931.115,413.1416,240.811,31.4059,637.781,390.5972,1699.624,954.5718,2966.96,905.0977,10.7,1.4717,0.0,0.0,0.0,0.0,13.1,2.5335,32.9,10.0169,31.2,4.8138,101.3,8.2943,2.0,0.0,200.0,0.0,0.029,0.0023
place,beanstalk soft,beanstalk,hot-file-rule,20,"{""flag_clean"": 0.02, ""flag_recall"": 0.3, ""placement_fallback"": ""least-overlap""}",10,10,3.8491,0.8218,4.9242,1.5558,58.0564,17.1487,635.9345,163.1365,1401.9666,439.8027,8.307,1.7457,16.957,2.8615,0.085,0.0176,74.65,4.2237,86.903,4.0296,183.51,26.5726,0.888,0.035,889.827,323.4283,10.534,15.1998,776.678,219.4479,1436.23,78.4692,22.975,4.7915,143.8,7.885,0.0,0.0,33.7,5.6025,5.8,2.3796,102.4,8.8844,44.5,6.0813,0.4,0.3694,44.5,6.0813,4.3,1.3924,902.657,336.4469,233.111,34.7325,607.392,245.3829,1705.776,742.4156,2762.14,546.9999,9.7,0.8294,0.0,0.0,0.0,0.0,14.1,2.197,29.3,5.6227,31.3,5.257,114.5,7.6912,2.0,0.0,200.0,0.0,0.023,0.0068
place,beanstalk soft,beanstalk,module-level,20,"{""flag_clean"": 0.6, ""flag_recall"": 0.9, ""placement_fallback"": ""least-overlap""}",10,10,3.5007,0.6529,5.8685,3.4116,61.5367,13.9347,923.588,429.8509,2070.3434,885.0649,7.55,1.3314,16.624,2.2424,0.077,0.0151,75.746,3.1405,86.903,4.0296,196.974,27.725,0.897,0.0296,945.962,257.4922,6.601,6.824,894.065,245.6815,1496.32,91.3538,21.733,3.9216,149.0,8.6497,0.0,0.0,32.8,4.8374,9.1,4.7622,109.0,6.9515,48.4,8.0095,0.2,0.3016,48.4,8.0095,177.6,1.4775,944.267,410.493,235.53,29.4104,793.803,379.2756,2073.331,883.9407,3369.8,843.4489,9.5,1.5174,0.0,0.0,0.0,0.0,14.3,2.998,28.8,8.2514,34.9,7.1008,120.2,7.1753,2.0,0.0,200.0,0.0,0.033,0.0035
place,beanstalk soft,beanstalk,predicted-best,20,"{""flag_clean"": 0.15, ""flag_recall"": 0.6, ""placement_fallback"": ""least-overlap""}",10,10,3.859,1.0704,4.6809,1.6714,60.3647,18.7736,730.0425,284.1225,1953.2899,1006.3889,8.336,2.2837,15.906,2.542,0.082,0.0199,75.676,4.1743,86.903,4.0296,180.459,34.2065,0.865,0.0383,939.068,344.8285,12.073,10.9829,805.685,291.4478,1410.16,78.6123,22.28,5.4445,140.8,7.6061,0.0,0.0,26.3,6.2818,6.6,1.972,101.4,9.0931,44.7,6.3716,0.3,0.3455,44.7,6.3716,81.3,7.5479,962.025,340.8626,235.972,30.7861,731.674,389.0348,1956.982,1007.0163,3241.37,1043.1323,10.6,1.6588,0.0,0.0,0.0,0.0,13.5,2.4606,27.6,6.265,31.7,5.9375,113.2,8.2238,2.0,0.0,200.0,0.0,0.032,0.003
place,beanstalk soft,beanstalk,predicted-typical,20,"{""flag_clean"": 0.25, ""flag_recall"": 0.6, ""placement_fallback"": ""least-overlap""}",10,10,3.9751,1.1668,5.1441,1.479,59.3359,19.5222,752.7057,322.3196,1674.6039,898.3838,8.586,2.54,15.939,2.8141,0.087,0.0219,75.39,4.4025,86.903,4.0296,176.014,33.7188,0.87,0.0436,922.93,363.4223,3.546,5.9173,858.861,336.2086,1442.98,94.3588,23.488,5.9297,143.9,8.7701,0.0,0.0,27.4,6.6779,5.8,1.5004,100.2,10.3207,44.7,8.3558,0.4,0.3694,44.7,8.3558,140.2,5.2326,1028.693,404.2947,232.678,36.4059,628.65,338.6377,1678.641,898.0384,3174.03,1062.3014,10.0,1.1184,0.0,0.0,0.0,0.0,14.4,2.0566,32.3,6.539,31.1,7.1884,111.6,8.7555,2.0,0.0,200.0,0.0,0.035,0.007
place,batched+place hard,batched+place,default point,100,"{""placement_fallback"": ""wait""}",10,10,5.8578,0.3698,6.6522,0.3142,172.0213,11.8646,12.3974,0.5202,322.5275,18.4818,2.476,0.1625,4.356,0.1666,2.609,0.2364,90.558,0.4057,422.879,9.6195,747.593,43.2411,446.118,32.8498,15585.54,1145.7507,15049.459,1121.4001,0.0,0.0,17190.91,649.6665,16.765,1.0802,1917.6,81.8368,562.0,50.9717,62.6,4.5516,19.2,2.7969,429.5,32.3276,209.6,11.8126,13.4,3.0009,209.6,11.8126,0.0,0.0,0.0,0.0,0.0,0.0,31.51,13.3481,463.817,220.9667,0.0,0.0,0.0,0.0,134.2,15.2666,750.1,72.1413,0.0,0.0,0.0,0.0,0.0,0.0,0.0,0.0,10.0,0.0,1000.0,0.0,0.252,0.0154
place,batched+place soft,batched+place,default point,100,"{""placement_fallback"": ""least-overlap""}",10,10,5.0933,0.3032,5.3198,0.2294,197.6382,12.4615,1040.7441,34.38,1518.0934,54.8218,2.153,0.1262,8.46,0.3866,79.299,2.6848,10.09,3.0479,422.879,9.6195,1666.177,77.155,15622.362,575.6322,2052.4,770.6299,229.833,124.8875,0.0,0.0,103121.94,3365.386,87.272,3.0731,10664.8,350.0707,4272.6,181.2112,919.3,38.0498,167.2,16.8862,4653.9,211.828,350.1,12.8421,3.0,0.826,350.1,12.8421,986.4,1.4385,0.0,0.0,0.0,0.0,35.068,19.2458,404.015,309.465,0.0,0.0,0.0,0.0,707.9,23.9825,9159.3,307.6315,0.0,0.0,0.0,0.0,0.0,0.0,0.0,0.0,10.0,0.0,1000.0,0.0,0.776,0.0234
place,beanstalk hard,beanstalk,file-oracle,100,"{""flag_clean"": 0.05, ""flag_recall"": 1.0, ""placement_fallback"": ""wait""}",10,10,3.9551,0.5587,4.6988,0.9078,263.0933,41.6673,1251.1021,455.9993,6117.015,2929.9742,1.673,0.2432,4.366,0.2937,0.017,0.0035,93.943,0.5092,422.879,9.6195,1131.501,124.9963,4.439,0.0904,24750.516,4052.8121,7619.465,811.6894,16981.787,3621.3238,12082.91,444.4707,7.905,0.9228,1201.7,43.8126,0.0,0.0,26.6,3.3922,72.1,8.0112,1004.3,40.7789,323.8,30.5399,2.9,0.7872,323.8,30.5399,0.0,0.0,1151.612,211.0342,222.857,11.0126,1944.852,1047.7077,6146.358,2928.0901,15091.55,2551.7496,21.2,1.9312,0.0,0.0,0.0,0.0,101.2,11.6751,140.6,11.8077,226.6,20.8306,1061.1,33.7931,10.0,0.0,1000.0,0.0,0.355,0.0163
place,beanstalk hard,beanstalk,hot-file-rule,100,"{""flag_clean"": 0.02, ""flag_recall"": 0.3, ""placement_fallback"": ""wait""}",10,10,4.9191,0.9691,5.9357,1.1143,221.5232,53.6047,1269.678,234.5947,5533.2951,2856.8482,2.085,0.4268,7.103,1.008,0.031,0.0063,90.783,1.4272,422.879,9.6195,1483.67,127.9585,5.992,0.126,20239.779,5246.7041,1845.362,330.7415,18378.518,5229.3995,11688.43,477.4189,9.471,1.6386,1162.3,46.4222,0.0,0.0,391.8,17.1402,76.5,11.4908,939.5,33.8851,358.3,36.5516,4.3,1.3509,358.3,36.5516,0.0,0.0,1060.737,175.0346,220.268,8.2187,1801.832,926.3698,5541.774,2856.67,12799.03,3272.048,27.8,1.5744,0.0,0.0,0.0,0.0,110.9,11.943,183.6,19.5552,252.5,26.9701,978.7,36.812,10.0,0.0,1000.0,0.0,0.242,0.0154
place,beanstalk hard,beanstalk,module-level,100,"{""flag_clean"": 0.6, ""flag_recall"": 0.9, ""placement_fallback"": ""wait""}",10,10,2.6272,0.2152,2.691,0.2267,384.8741,29.6529,239.7222,18.7848,871.4667,103.6902,1.11,0.093,1.611,0.0681,0.01,0.0,97.269,0.1216,422.879,9.6195,618.899,49.5626,3.766,0.0329,37441.867,2920.4362,24320.865,1707.0286,11896.574,1191.8167,12746.38,155.9846,5.577,0.43,1266.9,15.76,0.0,0.0,21.4,3.0385,9.6,2.341,899.3,31.0297,198.5,11.5155,1.5,0.6952,198.5,11.5155,0.0,0.0,929.575,201.3859,194.518,7.716,291.426,34.9092,1535.327,331.2807,18384.9,1672.6475,6.1,0.6263,0.0,0.0,0.0,0.0,67.0,5.3529,67.6,5.3337,139.4,8.1152,1199.3,11.6226,10.0,0.0,1000.0,0.0,0.198,0.0125
place,beanstalk hard,beanstalk,predicted-best,100,"{""flag_clean"": 0.15, ""flag_recall"": 0.6, ""placement_fallback"": ""wait""}",10,10,3.9996,0.3248,4.4957,0.4827,253.2775,23.0128,613.9219,86.1678,1940.8925,627.8006,1.693,0.1523,3.48,0.1697,0.019,0.0023,94.809,0.2783,422.879,9.6195,877.482,61.2877,4.343,0.0749,24023.042,2254.3912,10267.803,424.6327,13095.673,1677.8446,13180.5,270.8239,8.766,0.5949,1309.3,27.3132,0.0,0.0,105.9,8.4667,31.7,5.2461,1098.8,34.5622,256.0,19.5982,2.7,1.1705,256.0,19.5982,0.0,0.0,964.415,140.5878,201.67,7.8742,751.627,438.4914,2854.11,1693.6621,14069.32,1349.2298,12.7,1.2181,0.0,0.0,0.0,0.0,81.9,8.5535,89.4,7.931,179.5,13.2466,1219.9,21.5977,10.0,0.0,1000.0,0.0,0.245,0.0123
place,beanstalk hard,beanstalk,predicted-typical,100,"{""flag_clean"": 0.25, ""flag_recall"": 0.6, ""placement_fallback"": ""wait""}",10,10,3.6022,0.2776,3.7371,0.2898,280.3326,20.1939,488.1801,62.2498,1502.149,334.483,1.523,0.1245,2.722,0.1488,0.013,0.0035,95.741,0.2191,422.879,9.6195,761.518,62.0388,4.127,0.0547,26844.736,1975.142,13031.231,904.7185,13064.803,1207.4117,12981.86,234.1962,7.789,0.5888,1291.3,22.3877,0.0,0.0,86.1,5.4835,25.5,3.5083,1077.0,29.249,224.1,15.4798,1.4,1.1285,224.1,15.4798,0.0,0.0,1031.674,232.7327,200.883,9.0616,471.206,77.0644,2048.48,534.12,14946.92,1233.7742,10.3,0.7578,0.0,0.0,0.0,0.0,73.1,7.7735,74.5,8.3911,155.4,11.0723,1216.8,16.1778,10.0,0.0,1000.0,0.0,0.212,0.01
place,beanstalk module hard,beanstalk,module sets,100,"{""placement_fallback"": ""wait"", ""placement_model"": ""module""}",10,10,1.782,0.0798,1.7917,0.0958,563.1765,25.6535,60.2162,21.0498,656.9788,123.0668,0.754,0.0334,0.987,0.0302,0.01,0.0,98.251,0.0434,422.879,9.6195,556.503,28.7629,3.681,0.0249,55334.579,2539.0117,44181.021,2049.3527,10443.115,808.6327,12641.4,141.1687,3.753,0.1338,1257.4,14.9101,0.0,0.0,10.5,2.1657,3.2,1.0003,643.5,28.0063,185.9,10.3902,0.9,0.7113,185.9,10.3902,0.0,0.0,945.669,198.115,190.23,6.0051,210.076,22.5806,1528.344,471.9871,17979.1,934.8028,6.0,0.8921,0.0,0.0,0.0,0.0,68.2,4.0994,68.3,4.2392,129.3,7.0171,1189.1,11.4967,10.0,0.0,1000.0,0.0,0.108,0.0193
place,beanstalk module soft,beanstalk,module sets,100,"{""placement_fallback"": ""least-overlap"", ""placement_model"": ""module""}",10,10,6.0588,0.9562,7.2402,1.8307,174.8856,37.1306,1574.4994,263.2193,4226.3028,2084.6675,2.563,0.412,10.285,1.0305,0.045,0.0084,87.108,1.4108,422.879,9.6195,1736.782,158.7374,7.365,0.2251,15321.537,3582.6713,56.69,47.1968,14946.308,3687.2748,11151.9,495.6618,11.155,1.485,1110.3,49.7138,0.0,0.0,711.1,52.0866,79.5,11.8848,860.7,51.7774,363.6,37.9872,5.8,1.4621,363.6,37.9872,902.8,5.9542,1099.269,143.3267,223.605,10.091,1565.631,822.1428,4233.097,2084.347,10150.44,2274.2384,37.3,2.1866,0.0,0.0,0.0,0.0,113.2,10.9877,226.3,28.2846,256.5,29.5761,884.0,48.3737,10.0,0.0,1000.0,0.0,0.148,0.0045
place,beanstalk soft,beanstalk,file-oracle,100,"{""flag_clean"": 0.05, ""flag_recall"": 1.0, ""placement_fallback"": ""least-overlap""}",10,10,6.5854,0.6682,7.8964,2.0485,154.7005,16.0338,1628.4193,296.6719,3543.5512,647.6177,2.783,0.2806,10.785,0.8366,0.045,0.0038,86.387,1.0921,422.879,9.6195,1647.924,79.7859,6.692,0.1466,13392.553,1547.6129,22.019,8.033,13038.631,1621.9921,11118.65,283.7686,12.175,1.1153,1106.3,29.0697,0.0,0.0,494.9,26.6759,105.8,16.8492,823.9,29.1564,389.5,22.5904,5.2,1.4226,389.5,22.5904,724.3,12.9462,1104.549,132.1389,221.069,6.3575,1244.796,268.5254,3546.848,647.4364,9026.15,952.0735,42.0,2.1853,0.0,0.0,0.0,0.0,121.1,8.2696,256.4,17.3459,273.8,18.7344,849.9,28.0777,10.0,0.0,1000.0,0.0,0.426,0.0069
place,beanstalk soft,beanstalk,hot-file-rule,100,"{""flag_clean"": 0.02, ""flag_recall"": 0.3, ""placement_fallback"": ""least-overlap""}",10,10,6.5968,0.9689,9.6685,3.0784,159.0143,29.4383,1430.8783,188.9503,4490.6631,1797.6158,2.786,0.4109,10.74,1.3216,0.045,0.007,86.425,1.7132,422.879,9.6195,1648.007,109.7841,6.983,0.1445,13823.559,2858.9031,25.954,21.8557,13532.879,2968.9445,10987.22,437.1535,11.983,1.507,1092.3,43.823,0.0,0.0,589.1,34.7437,97.8,12.8614,849.3,38.9258,371.1,30.5764,3.6,1.5888,371.1,30.5764,414.3,12.2374,1027.062,143.7738,219.759,7.2557,1565.584,650.8548,4495.752,1797.5219,9279.68,1767.752,39.0,2.0786,0.0,0.0,0.0,0.0,112.2,11.1061,217.3,16.2348,262.9,22.6914,875.0,36.8721,10.0,0.0,1000.0,0.0,0.262,0.0125
place,beanstalk soft,beanstalk,module-level,100,"{""flag_clean"": 0.6, ""flag_recall"": 0.9, ""placement_fallback"": ""least-overlap""}",10,10,5.6301,1.0513,6.614,1.4956,192.7824,47.3253,1465.038,174.0675,5367.3525,2353.7237,2.391,0.4741,9.837,1.2314,0.042,0.0074,87.729,1.7003,422.879,9.6195,1796.951,155.9628,7.358,0.2341,17051.058,4590.8684,32.259,44.589,16777.507,4666.7697,11598.51,638.4473,10.704,1.6113,1153.9,63.9661,0.0,0.0,679.0,35.2191,84.3,15.1103,890.6,51.1601,395.3,45.4994,5.4,1.6242,395.3,45.4994,962.8,2.6076,1071.127,193.6903,220.801,6.0178,1931.527,953.6928,5370.636,2353.5689,11306.84,2877.1165,36.7,2.5469,0.0,0.0,0.0,0.0,124.1,17.373,237.8,30.4243,276.8,29.7764,916.1,49.9913,10.0,0.0,1000.0,0.0,0.287,0.0143
place,beanstalk soft,beanstalk,predicted-best,100,"{""flag_clean"": 0.15, ""flag_recall"": 0.6, ""placement_fallback"": ""least-overlap""}",10,10,6.1398,0.9593,9.3306,3.5357,169.6814,25.0365,1523.7269,278.4695,4603.5951,2148.5586,2.587,0.3733,10.415,1.2361,0.045,0.007,86.954,1.5932,422.879,9.6195,1717.454,112.0961,7.219,0.1656,14820.587,2424.6723,28.271,24.1056,14369.509,2484.8205,11234.85,549.441,11.414,1.5457,1117.6,55.166,0.0,0.0,655.9,26.8522,91.8,10.6621,864.4,42.8458,376.4,33.6358,4.1,1.3676,376.4,33.6358,849.2,8.1544,1071.439,225.9877,221.59,10.946,1659.264,937.4579,4609.448,2146.5218,9851.92,1519.0768,37.3,2.3374,0.0,0.0,0.0,0.0,115.6,15.1109,228.8,26.9333,265.2,20.5382,888.8,40.4228,10.0,0.0,1000.0,0.0,0.325,0.0091
place,beanstalk soft,beanstalk,predicted-typical,100,"{""flag_clean"": 0.25, ""flag_recall"": 0.6, ""placement_fallback"": ""least-overlap""}",10,10,6.2601,1.1093,7.7016,1.6696,170.1884,34.2685,1498.6464,253.8506,4506.4704,2240.8291,2.647,0.4804,10.579,1.3384,0.046,0.0077,86.728,1.8112,422.879,9.6195,1721.224,114.4096,7.279,0.1863,14867.463,3335.0395,23.922,14.852,14490.401,3471.1446,11202.34,491.4378,11.551,1.6845,1116.1,48.7547,0.0,0.0,678.9,39.8458,92.0,5.602,863.4,39.0383,370.9,29.2829,5.6,1.3985,370.9,29.2829,895.7,6.8614,1083.401,163.3163,220.975,8.8601,1612.762,870.1471,4510.554,2240.3923,9919.38,2088.2956,37.8,2.4034,0.0,0.0,0.0,0.0,116.6,12.8011,226.2,26.7469,260.4,18.1374,889.9,39.3852,10.0,0.0,1000.0,0.0,0.308,0.0154
place,beanstalk hard,beanstalk,file-oracle,500,"{""flag_clean"": 0.05, ""flag_recall"": 1.0, ""placement_fallback"": ""wait""}",10,10,3.9151,0.3095,3.9117,0.3676,1291.0801,101.3485,1023.7764,74.4909,3814.1381,588.976,0.334,0.0244,0.931,0.0361,0.0,0.0,98.732,0.0553,2128.652,19.1432,5995.036,359.2416,22.502,0.2761,637393.84,50353.8608,212171.565,14149.2263,408349.648,36089.9359,71764.39,1017.564,1.87,0.1302,7145.5,101.6633,0.0,0.0,158.2,10.3207,379.1,16.634,6277.9,118.3456,1683.6,80.9813,11.6,2.1905,1683.6,80.9813,0.0,0.0,1529.966,189.0766,225.714,5.566,1610.199,481.4776,9029.848,2855.5189,75198.7,6150.0473,23.5,1.0256,0.0,0.0,0.0,0.0,509.6,27.6363,563.6,25.4227,1191.7,58.4368,6581.9,79.4864,50.0,0.0,5000.0,0.0,2.372,0.3648
place,beanstalk hard,beanstalk,hot-file-rule,500,"{""flag_clean"": 0.02, ""flag_recall"": 0.3, ""placement_fallback"": ""wait""}",10,10,5.1634,0.3199,5.2838,0.3265,974.7264,59.1793,1297.3438,95.8306,5495.6721,1129.2155,0.439,0.0264,1.503,0.0635,0.01,0.0,98.051,0.0876,2128.652,19.1432,7298.801,212.8053,30.097,0.214,477905.665,29428.2227,117122.238,7326.341,348714.543,24499.811,71198.96,645.3435,2.451,0.1399,7086.8,63.946,0.0,0.0,2072.2,54.4781,403.0,17.273,6279.7,66.3135,1699.9,53.9597,11.6,3.0385,1699.9,53.9597,0.0,0.0,1705.304,301.4575,222.035,4.7327,1890.258,554.5309,9102.93,3365.0678,57274.13,3565.1463,30.4,1.0228,0.0,0.0,0.0,0.0,519.6,12.712,610.5,18.1438,1197.5,45.7949,6476.3,53.0294,50.0,0.0,5000.0,0.0,1.418,0.0498
place,beanstalk hard,beanstalk,module-level,500,"{""flag_clean"": 0.6, ""flag_recall"": 0.9, ""placement_fallback"": ""wait""}",10,10,2.5881,0.067,2.6004,0.0849,1934.236,51.2948,253.9554,9.6536,1025.3845,91.5975,0.219,0.0063,0.325,0.0061,0.0,0.0,99.454,0.006,2128.652,19.1432,3129.588,110.9432,18.825,0.1202,961840.928,25536.7901,622126.271,14783.1393,302453.393,12248.0073,63554.49,510.9381,1.096,0.0229,6323.3,53.3383,0.0,0.0,103.3,8.6303,54.4,4.8421,4501.0,59.2156,986.8,36.5621,7.2,1.9604,986.8,36.5621,0.0,0.0,1481.296,212.0904,199.022,3.6502,351.458,25.3809,2545.863,460.0012,93909.79,3088.3224,7.0,0.584,0.0,0.0,0.0,0.0,328.6,19.8065,331.1,19.4042,698.8,21.667,5992.1,36.2774,50.0,0.0,5000.0,0.0,1.549,0.3344
place,beanstalk hard,beanstalk,predicted-best,500,"{""flag_clean"": 0.15, ""flag_recall"": 0.6, ""placement_fallback"": ""wait""}",10,9,3.5474,0.719,3.9158,0.1469,1227.0363,161.5052,644.5073,41.5866,2167.0751,421.1381,0.302,0.0591,0.685,0.0169,0.0,0.0,99.009,0.0707,1932.834,430.0835,4213.89,579.8563,19.846,4.0792,607351.573,79755.3398,272656.745,48170.0599,312344.458,31451.041,60954.64,12151.3512,1.606,0.2323,6063.8,1208.1195,0.0,0.0,512.6,117.0606,158.2,37.1207,5214.7,1062.9496,1167.3,149.1045,6.5,1.3168,1166.9,149.9958,0.0,0.0,1510.85,208.2415,211.442,2.7351,1914.078,2679.1082,6681.852,5975.4397,69030.02,8679.6677,13.5,0.6952,0.0,0.0,0.0,0.0,354.2,49.9428,370.7,53.728,827.9,103.4006,5693.1,1156.1887,50.0,0.0,5000.0,0.0,1.253,0.2213
place,beanstalk hard,beanstalk,predicted-typical,500,"{""flag_clean"": 0.25, ""flag_recall"": 0.6, ""placement_fallback"": ""wait""}",10,10,3.3337,0.0847,3.3352,0.1158,1501.5763,39.2719,526.502,13.7677,1886.9031,167.8349,0.283,0.0068,0.548,0.0094,0.0,0.0,99.164,0.0097,2128.652,19.1432,4123.125,141.9376,20.727,0.1427,744515.633,19502.2632,378209.078,7260.6269,337349.859,12736.3652,65435.3,606.5852,1.453,0.025,6508.1,59.8435,0.0,0.0,436.7,20.2237,123.7,13.4882,5461.3,59.6824,1154.7,39.5919,6.3,2.0246,1154.7,39.5919,0.0,0.0,1581.229,181.7465,211.063,2.8141,673.504,104.4309,4742.95,1637.0236,82214.4,2342.0328,11.6,0.6911,0.0,0.0,0.0,0.0,357.7,21.8791,366.7,21.9751,817.6,25.3958,6141.4,40.2571,50.0,0.0,5000.0,0.0,1.181,0.0335
place,beanstalk soft,beanstalk,file-oracle,500,"{""flag_clean"": 0.05, ""flag_recall"": 1.0, ""placement_fallback"": ""least-overlap""}",10,9,7.9745,1.779,13.2039,4.2508,598.461,76.0068,4878.804,1250.4166,16590.4998,3476.7512,0.704,0.1103,6.138,0.8425,0.028,0.0045,93.128,0.9545,2046.904,196.5809,17962.614,1735.7924,83.45,7.9861,279137.527,37717.1751,96.583,74.7759,278149.506,37669.0257,75802.83,6714.8976,4.326,0.6002,7546.7,670.3811,0.0,0.0,10681.6,1151.2804,1134.0,127.2278,6062.3,542.8487,2987.1,257.0557,26.0,4.574,2986.9,257.4389,4516.0,405.7825,1598.011,174.2536,240.463,3.7272,7205.369,2071.8296,18831.457,3840.9493,35512.51,4671.498,163.4,6.6694,0.0,0.0,0.0,0.0,909.0,84.1296,1461.0,129.2141,2104.8,180.0055,6085.6,547.6206,50.0,0.0,5000.0,0.0,6.624,0.5082
place,beanstalk soft,beanstalk,hot-file-rule,500,"{""flag_clean"": 0.02, ""flag_recall"": 0.3, ""placement_fallback"": ""least-overlap""}",10,8,8.7117,3.2439,13.651,4.9903,503.2684,83.4185,3529.8243,1401.9137,10871.7813,6045.2422,0.809,0.2166,7.032,1.6085,0.033,0.0107,92.125,1.8349,1943.189,416.5618,17054.093,3254.0262,80.777,17.3778,232556.159,41323.1757,95.714,81.0719,231690.378,41296.3057,70771.91,14499.5273,4.874,1.1956,7040.0,1443.9296,0.0,0.0,10530.8,2318.5919,1051.7,237.3513,5656.6,1161.708,2719.7,534.6029,26.3,6.0701,2718.5,534.9458,3914.5,846.4826,1620.401,151.266,249.908,16.1151,6663.279,3316.7846,16657.414,6925.7651,29959.74,5023.1079,157.8,5.8966,0.0,0.0,0.0,0.0,830.7,168.6434,1352.9,279.451,1916.0,373.207,5687.1,1168.0861,50.0,0.0,5000.0,0.0,3.14,0.658
place,beanstalk soft,beanstalk,module-level,500,"{""flag_clean"": 0.6, ""flag_recall"": 0.9, ""placement_fallback"": ""least-overlap""}",10,9,9.5053,2.2116,11.9663,3.1654,535.457,94.7995,5652.3949,2961.5456,14773.3969,5071.5981,0.822,0.1642,7.134,1.2552,0.036,0.0077,92.006,1.4274,2071.506,129.0434,18088.064,995.5546,87.312,5.538,247481.619,47436.1774,172.712,218.6693,244665.255,46439.5773,74817.04,4435.5473,4.937,0.929,7442.6,433.2599,0.0,0.0,11551.7,798.1408,1058.3,90.0631,5997.1,376.7232,2834.8,141.6592,27.1,4.3373,2821.6,164.2845,4811.9,291.3108,1775.123,206.5458,243.214,3.7865,6294.508,2134.8454,17243.233,5512.592,31933.27,5707.3101,153.0,5.821,0.0,0.0,0.0,0.0,869.5,39.5735,1417.0,73.0921,1993.2,106.7696,6024.1,378.9698,50.0,0.0,5000.0,0.0,4.78,0.3795
place,beanstalk soft,beanstalk,predicted-best,500,"{""flag_clean"": 0.15, ""flag_recall"": 0.6, ""placement_fallback"": ""least-overlap""}",10,10,10.7666,1.5142,11.1125,1.375,482.486,75.3726,3576.1461,644.4682,12303.0218,4530.4359,0.915,0.1273,7.889,1.0239,0.038,0.0074,91.155,1.1552,2128.652,19.1432,18387.852,587.2553,89.613,1.6629,220636.879,37408.403,78.329,53.3173,219581.205,37326.2234,76396.75,1952.4472,5.466,0.7119,7600.0,193.3277,0.0,0.0,11833.9,282.1414,1139.2,61.4163,6130.6,144.2949,2886.8,140.4116,27.9,3.7161,2886.8,140.4116,4761.4,15.8956,1668.99,210.267,240.928,2.835,4199.386,1675.8933,12308.17,4530.6227,28571.01,4601.7067,157.5,7.5041,0.0,0.0,0.0,0.0,883.0,43.9576,1438.9,53.9713,2031.8,101.9211,6161.1,145.7833,50.0,0.0,5000.0,0.0,3.722,0.0573
place,beanstalk soft,beanstalk,predicted-typical,500,"{""flag_clean"": 0.25, ""flag_recall"": 0.6, ""placement_fallback"": ""least-overlap""}",10,9,9.7482,2.6833,11.1067,3.57,495.2401,82.7953,4850.827,2651.854,13782.6046,5774.6031,0.868,0.1623,7.505,1.2709,0.037,0.0083,91.588,1.4392,2046.083,183.9615,17792.637,1510.3459,86.6,7.5636,227694.721,41305.5622,65.61,36.2498,226971.241,41339.0719,73610.41,6594.7446,5.183,0.9041,7324.8,659.2992,0.0,0.0,11459.4,989.7003,1064.0,86.0657,5904.9,538.7173,2785.5,270.3658,26.7,4.0471,2785.3,270.7744,4628.1,418.7986,1585.022,181.414,242.396,3.4734,6484.039,3025.3589,16497.283,6078.1059,29437.6,4904.3977,153.8,6.4139,0.0,0.0,0.0,0.0,850.1,72.6032,1394.7,124.6264,1962.6,200.8544,5929.9,543.0732,50.0,0.0,5000.0,0.0,3.42,0.3
qsem,batched k=1,batched,,20,"{""batch_k"": 1, ""q_sem"": 0.0}",10,10,5.7407,1.4023,8.7862,0.3631,41.1172,15.4555,66.914,5.723,361.6574,41.9187,12.366,2.9767,21.486,3.7035,31.215,8.7536,34.93,14.042,86.903,4.0296,161.117,29.0415,213.681,17.0146,360.644,292.2445,24.865,28.957,0.0,0.0,2629.13,92.4201,62.75,15.0138,268.1,9.7465,23.5,3.8778,39.5,6.1741,6.3,1.721,39.4,5.8424,34.3,5.7823,3.4,1.1285,34.3,5.7823,0.0,0.0,0.0,0.0,0.0,0.0,217.84,297.7621,797.951,863.7851,0.0,0.0,0.0,0.0,0.0,0.0,30.4,5.1383,0.0,0.0,0.0,0.0,0.0,0.0,0.0,0.0,2.0,0.0,200.0,0.0,0.023,0.0068
qsem,batched k=1,batched,,20,"{""batch_k"": 1, ""q_sem"": 0.05}",10,10,3.6641,0.6943,6.7435,0.2469,58.8928,13.5762,68.7418,10.2689,620.9061,73.9883,7.936,1.5407,29.491,3.982,19.17,4.4221,43.404,8.7015,86.903,4.0296,331.766,38.911,207.842,23.2067,551.346,248.0418,19.193,14.8069,0.0,0.0,3368.7,86.3233,51.316,9.3815,348.6,9.5207,45.5,2.639,43.3,6.6596,7.4,1.9429,88.4,6.618,78.0,7.0731,4.4,1.972,78.0,7.0731,0.0,0.0,0.0,0.0,0.0,0.0,239.032,205.2075,1121.892,673.7269,0.0,0.0,0.0,0.0,0.0,0.0,66.2,4.2892,0.0,0.0,0.0,0.0,0.0,0.0,0.0,0.0,2.0,0.0,200.0,0.0,0.03,0.0117
qsem,batched k=1,batched,,20,"{""batch_k"": 1, ""q_sem"": 0.1}",10,10,3.2686,0.5458,5.4764,0.3234,64.6288,12.0977,64.1993,12.6495,1006.6483,179.0256,7.073,1.1729,40.434,4.7538,16.231,3.7696,36.26,7.7435,86.903,4.0296,510.605,73.3893,196.617,27.3612,498.452,205.9144,25.939,25.884,0.0,0.0,4011.95,219.5384,54.432,8.6471,420.0,25.1004,69.7,8.2393,43.3,4.5372,7.6,1.5888,133.1,16.6169,118.2,14.1173,4.7,1.6189,118.2,14.1173,0.0,0.0,0.0,0.0,0.0,0.0,143.226,156.9529,778.843,583.0895,0.0,0.0,0.0,0.0,0.0,0.0,97.1,11.0581,0.0,0.0,0.0,0.0,0.0,0.0,0.0,0.0,2.0,0.0,200.0,0.0,0.026,0.0097
qsem,batched k=1,batched,,20,"{""batch_k"": 1, ""q_sem"": 0.2}",10,10,2.2675,0.1912,4.0109,0.2373,89.332,7.674,71.4282,15.6227,1499.678,112.8048,4.908,0.3591,44.868,2.6504,11.868,2.3989,38.356,4.837,86.903,4.0296,796.628,47.9633,207.011,29.6911,696.096,137.5869,41.132,35.8419,0.0,0.0,5164.55,373.275,49.017,6.5095,546.2,37.6484,105.5,10.4817,43.8,4.2626,8.7,2.8622,215.8,26.0622,189.6,20.0972,4.5,1.2274,189.6,20.0972,0.0,0.0,0.0,0.0,0.0,0.0,145.759,65.546,959.308,355.6113,0.0,0.0,0.0,0.0,0.0,0.0,152.1,18.347,0.0,0.0,0.0,0.0,0.0,0.0,0.0,0.0,2.0,0.0,200.0,0.0,0.026,0.009
qsem,batched-aimd,batched-aimd,,20,"{""q_sem"": 0.0}",10,10,5.996,1.5957,9.6604,1.5062,40.305,15.9681,61.3072,12.3699,367.6251,53.2887,12.913,3.3985,21.503,3.9818,28.104,7.7932,37.478,13.852,86.903,4.0296,156.08,29.6535,191.637,32.6572,371.48,295.1211,34.253,49.3817,0.0,0.0,2391.03,274.2855,58.432,14.5349,252.8,29.7382,42.6,6.3282,38.3,7.2795,5.7,1.4326,82.7,14.6596,34.3,5.7823,1.6,0.9048,34.3,5.7823,0.0,0.0,0.0,0.0,0.0,0.0,224.627,298.7737,805.474,861.9441,0.0,0.0,0.0,0.0,41.2,7.3475,61.0,10.2166,0.0,0.0,0.0,0.0,0.0,0.0,0.0,0.0,2.0,0.0,200.0,0.0,0.022,0.0074
qsem,batched-aimd,batched-aimd,,20,"{""q_sem"": 0.05}",10,10,3.5322,0.6466,5.9846,0.4298,60.3204,12.0309,97.1557,11.6665,661.8136,90.0857,7.641,1.4005,28.334,4.1348,24.765,5.3192,39.259,9.5645,86.903,4.0296,329.018,45.285,278.448,28.0213,512.04,237.3989,31.2,13.9473,0.0,0.0,3758.77,286.2637,55.336,10.1522,398.8,31.0201,75.4,10.0607,38.9,5.4314,6.2,1.2064,153.0,15.2934,78.5,9.9702,2.7,1.069,78.5,9.9702,0.0,0.0,0.0,0.0,0.0,0.0,220.886,259.0483,990.502,748.9636,0.0,0.0,0.0,0.0,58.1,5.2179,111.3,11.0303,0.0,0.0,0.0,0.0,0.0,0.0,0.0,0.0,2.0,0.0,200.0,0.0,0.02,0.0
qsem,batched-aimd,batched-aimd,,20,"{""q_sem"": 0.1}",10,10,2.7956,0.3978,4.6556,0.2771,74.4226,11.6948,112.7525,11.0873,927.4054,165.5074,6.063,0.8903,33.605,3.2304,22.642,4.1367,37.688,7.1467,86.903,4.0296,492.122,59.0308,321.653,29.9011,587.775,201.525,28.567,22.9063,0.0,0.0,4806.97,249.0095,55.979,8.229,508.9,25.4076,100.5,6.2473,42.5,6.7038,6.0,1.306,210.6,15.6178,119.9,12.2485,3.1,1.5249,119.9,12.2485,0.0,0.0,0.0,0.0,0.0,0.0,186.11,115.7994,1096.103,492.5124,0.0,0.0,0.0,0.0,63.9,5.717,152.6,9.5803,0.0,0.0,0.0,0.0,0.0,0.0,0.0,0.0,2.0,0.0,200.0,0.0,0.02,0.0
qsem,batched-aimd,batched-aimd,,20,"{""q_sem"": 0.2}",10,10,2.2203,0.2602,3.5565,0.1616,92.3011,10.8833,104.1689,19.9572,1540.7361,222.3561,4.816,0.5649,45.068,3.8216,16.405,3.6791,33.712,5.3415,86.903,4.0296,826.056,89.6699,292.045,38.1465,641.018,174.0537,25.049,24.3576,0.0,0.0,5856.39,289.9751,54.135,6.6233,620.9,30.4796,125.7,8.8192,46.0,5.2456,7.5,2.2683,281.4,21.4624,191.5,14.6099,3.5,0.843,191.5,14.6099,0.0,0.0,0.0,0.0,0.0,0.0,140.307,81.8697,931.743,446.4174,0.0,0.0,0.0,0.0,47.2,4.7544,192.7,14.71,0.0,0.0,0.0,0.0,0.0,0.0,0.0,0.0,2.0,0.0,200.0,0.0,0.02,0.0
qsem,batched-par k=1,batched-par,,20,"{""batch_k"": 1, ""q_sem"": 0.0}",10,10,6.076,1.5975,9.3686,0.2871,40.3032,17.1101,59.5166,4.4477,352.5056,40.7707,13.082,3.4088,23.415,4.296,28.82,8.4398,34.679,15.0545,86.903,4.0296,166.685,29.3208,186.497,13.8258,365.978,322.5582,23.356,33.0325,0.0,0.0,2518.91,69.023,63.614,16.351,252.8,7.6878,11.9,2.4187,40.1,6.7225,6.3,1.7859,39.2,5.1117,34.3,5.7823,4.5,1.5544,34.3,5.7823,0.0,0.0,0.0,0.0,0.0,0.0,236.067,338.5476,811.275,955.5428,0.0,0.0,0.0,0.0,0.0,0.0,14.0,3.2866,0.0,0.0,0.0,0.0,0.0,0.0,0.0,0.0,2.0,0.0,200.0,0.0,0.019,0.0023
qsem,batched-par k=1,batched-par,,20,"{""batch_k"": 1, ""q_sem"": 0.05}",10,10,4.1562,1.0131,7.4614,0.2669,54.1671,14.9385,49.8421,9.039,649.9092,125.4601,8.984,2.1711,34.022,6.1916,16.613,5.1874,40.383,12.4034,86.903,4.0296,340.141,44.9788,156.99,21.8194,499.31,280.2651,21.45,17.3892,0.0,0.0,3056.21,113.8306,53.063,13.1499,311.9,12.6144,26.3,4.8754,44.6,5.2586,6.9,1.5617,82.1,7.5283,75.7,7.7559,4.3,1.8485,75.7,7.7559,0.0,0.0,0.0,0.0,0.0,0.0,248.886,283.228,1025.571,836.1218,0.0,0.0,0.0,0.0,0.0,0.0,31.9,6.9797,0.0,0.0,0.0,0.0,0.0,0.0,0.0,0.0,2.0,0.0,200.0,0.0,0.022,0.003
qsem,batched-par k=1,batched-par,,20,"{""batch_k"": 1, ""q_sem"": 0.1}",10,10,3.3077,0.7407,5.8715,0.364,67.8852,20.2302,48.8748,7.929,918.7055,140.5753,7.151,1.6201,40.91,6.1751,12.849,2.8333,39.088,9.8689,86.903,4.0296,516.597,69.3532,156.253,15.874,597.952,360.3245,25.873,43.69,0.0,0.0,3756.6,231.7454,51.224,10.0712,390.1,26.8522,47.7,10.7219,41.5,5.2266,7.6,1.6242,135.2,15.2815,124.6,14.5356,4.2,1.7128,124.6,14.5356,0.0,0.0,0.0,0.0,0.0,0.0,180.25,193.9076,891.953,646.4244,0.0,0.0,0.0,0.0,0.0,0.0,61.3,12.911,0.0,0.0,0.0,0.0,0.0,0.0,0.0,0.0,2.0,0.0,200.0,0.0,0.02,0.0
qsem,batched-par k=1,batched-par,,20,"{""batch_k"": 1, ""q_sem"": 0.2}",10,10,2.5134,0.3037,4.3847,0.259,81.7851,10.4792,49.8233,12.1667,1423.272,117.703,5.432,0.5818,48.229,5.1362,10.262,2.2475,36.075,7.5527,86.903,4.0296,772.714,45.9408,160.502,21.7978,615.583,203.6774,46.576,45.6438,0.0,0.0,4605.75,312.5856,48.633,7.9353,482.3,33.8445,69.6,9.7799,45.2,6.5888,8.1,2.3712,203.8,23.7236,185.3,17.8207,4.4,1.4385,185.3,17.8207,0.0,0.0,0.0,0.0,0.0,0.0,112.975,57.9783,715.501,320.9418,0.0,0.0,0.0,0.0,0.0,0.0,92.6,16.8269,0.0,0.0,0.0,0.0,0.0,0.0,0.0,0.0,2.0,0.0,200.0,0.0,0.024,0.0069
qsem,beanstalk,beanstalk,,20,"{""q_sem"": 0.2}",10,5,0.2074,0.15,402.064,1278.0101,564.7338,106.2462,8997.699,6142.1229,13742.1938,8993.9617,0.682,0.2062,28.562,3.1066,0.029,0.0063,70.727,3.1748,73.835,17.9501,3229.806,729.3794,3.201,0.8471,7987.837,1533.3658,5.458,7.0862,7939.779,1541.8655,11642.0,3275.6689,17.272,3.5756,1157.1,326.013,0.0,0.0,49.3,17.3389,25.6,22.7008,826.2,234.5676,820.0,246.199,7.9,4.8097,818.6,246.7835,105.8,26.4498,1259.92,422.2783,261.659,29.9129,12155.366,2338.9353,26686.838,4239.467,33524.12,6275.4019,22.4,3.5876,0.0,0.0,0.0,0.0,253.7,78.4131,326.4,94.8628,574.3,172.437,830.7,235.0906,2.0,0.0,200.0,0.0,0.102,0.0276
qsem,beanstalk,beanstalk,,20,"{""q_sem"": 0.1}",10,9,0.7796,0.2335,2.4465,2.3543,270.5177,75.9145,5182.05,4246.7492,10421.9959,4521.3284,1.745,0.4004,22.488,2.199,0.033,0.0076,75.733,2.4992,83.978,8.2324,1174.087,233.6737,1.608,0.099,4150.683,1300.135,4.911,5.4552,4133.116,1302.4962,4668.4,390.6376,15.771,3.1279,465.1,38.5639,0.0,0.0,39.6,7.5716,8.0,4.2116,327.7,27.3777,282.9,28.8132,3.2,1.4226,282.5,28.5252,122.2,14.9353,1170.088,338.2114,259.984,34.3335,6055.06,3033.201,13418.182,5554.131,15786.51,4576.7296,18.7,1.7859,0.0,0.0,0.0,0.0,86.8,8.5558,131.1,17.6264,199.5,20.9776,334.0,25.7665,2.0,0.0,200.0,0.0,0.063,0.0169
qsem,beanstalk,beanstalk,,20,"{""q_sem"": 0.05}",10,10,1.6741,0.4381,2.6498,1.0985,151.5005,82.0155,1646.4222,838.1128,6251.9352,5309.7612,3.619,0.8921,19.122,2.7468,0.046,0.0113,77.214,3.1911,86.903,4.0296,547.4,236.1102,1.134,0.1191,2394.576,1414.8939,7.898,6.862,2305.431,1434.175,2572.3,414.9009,17.052,3.944,256.8,41.0619,0.0,0.0,34.6,7.1705,6.8,2.7765,177.5,36.5674,125.3,34.9811,1.1,0.6263,125.3,34.9811,136.0,4.4607,1061.452,403.5163,265.709,42.479,2709.097,2585.0342,6254.97,5310.2227,8775.49,4947.8181,14.9,1.9792,0.0,0.0,0.0,0.0,37.8,9.0906,69.4,9.6689,89.1,26.3025,187.4,35.6383,2.0,0.0,200.0,0.0,0.038,0.0045
qsem,beanstalk,beanstalk,,20,"{""q_sem"": 0.0}",10,10,4.9646,1.5839,7.1428,2.2813,48.1783,16.4605,742.7327,560.7056,1498.269,1030.2556,10.715,3.4749,15.345,2.4658,0.102,0.0299,73.839,4.8392,86.903,4.0296,138.18,28.385,0.831,0.0304,737.652,304.1339,5.491,6.1793,702.477,309.6207,1267.5,74.1048,25.67,6.8405,126.3,7.1136,0.0,0.0,26.3,4.9103,6.5,1.9149,88.4,8.8588,34.3,5.7823,0.3,0.4828,34.3,5.7823,141.3,3.5374,918.603,431.5803,226.885,41.6701,588.939,429.2778,1502.746,1029.754,2634.66,980.1221,8.1,0.9802,0.0,0.0,0.0,0.0,10.5,1.6259,23.6,6.4704,24.7,5.2026,102.7,7.3107,2.0,0.0,200.0,0.0,0.031,0.0023
qsem,beanstalk quarantine,beanstalk,,20,"{""green_mode"": ""quarantine"", ""q_sem"": 0.2}",10,10,0.7899,0.1666,0.9228,0.1881,275.8451,63.0356,1023.2075,318.26,7775.889,2399.7755,1.7,0.3346,29.548,4.3807,0.037,0.0068,68.713,4.5734,86.903,4.0296,1567.951,264.944,1.875,0.1502,3860.173,1092.0299,0.892,1.6115,3717.756,1064.2748,5923.39,590.421,19.227,3.6736,589.8,59.052,0.0,0.0,54.6,11.918,20.0,9.3265,87.0,8.6299,347.5,45.5521,2.5,1.6605,347.5,45.5521,111.2,4.7184,1870.117,423.3565,804.424,170.6645,104.002,40.0676,706.56,214.9422,15674.97,3738.4482,32.3,5.1587,0.0,0.0,0.0,0.0,113.5,14.5162,125.3,14.4369,244.1,34.3554,464.5,45.4972,2.0,0.0,200.0,0.0,0.075,0.0244
qsem,beanstalk quarantine,beanstalk,,20,"{""green_mode"": ""quarantine"", ""q_sem"": 0.1}",10,9,1.0498,0.2809,1.3837,0.1485,211.8258,81.3834,513.709,115.1383,3471.5437,846.5267,2.274,0.6017,21.751,3.7213,0.034,0.009,75.939,4.2077,79.917,15.6043,835.19,113.0388,1.248,0.1823,3320.164,1564.6038,5.455,8.4298,3215.712,1590.2937,3660.55,262.2596,16.572,3.8633,363.8,26.0666,0.0,0.0,34.5,10.061,12.2,8.5824,73.9,19.0911,179.2,20.516,0.8,0.5642,179.0,20.7316,107.6,20.0036,1605.315,501.6669,637.558,101.5198,122.51,61.8089,752.13,399.8133,11946.62,5063.5253,19.7,3.4064,0.0,0.0,0.0,0.0,58.0,5.7423,70.3,8.4572,127.1,16.6648,293.5,22.4009,2.0,0.0,200.0,0.0,0.044,0.005
qsem,beanstalk quarantine,beanstalk,,20,"{""green_mode"": ""quarantine"", ""q_sem"": 0.05}",10,10,1.8298,0.3143,1.9243,0.4762,117.7595,29.5468,389.7304,112.9765,1967.5152,489.9095,3.977,0.6948,18.863,1.9981,0.047,0.0076,77.114,2.3933,86.903,4.0296,434.396,89.8261,1.039,0.0636,1832.853,511.6491,7.395,6.0328,1779.829,511.9109,2550.68,245.9188,19.185,3.0806,253.5,24.6022,0.0,0.0,28.7,5.4272,7.1,2.0077,55.3,6.2272,102.5,17.0552,1.0,0.584,102.5,17.0552,123.2,7.4931,1392.736,383.3853,524.934,85.4015,106.923,36.9787,697.997,252.8703,6647.52,1793.3558,14.8,1.9015,0.0,0.0,0.0,0.0,35.5,6.1648,46.0,4.6111,71.9,12.4602,207.5,21.9963,2.0,0.0,200.0,0.0,0.045,0.0091
qsem,beanstalk quarantine,beanstalk,,20,"{""green_mode"": ""quarantine"", ""q_sem"": 0.0}",10,10,4.4718,1.3672,4.8088,1.2592,52.9117,17.5596,94.8603,41.3597,770.898,440.9721,9.669,3.0166,13.731,1.863,0.09,0.0243,76.507,3.9846,86.903,4.0296,137.418,28.5563,0.831,0.0319,833.082,325.0893,5.663,6.1864,766.621,340.6395,1465.42,112.7104,26.566,6.3269,146.2,10.8051,0.0,0.0,25.5,4.6632,6.4,1.726,36.9,4.4918,34.3,5.7823,0.6,0.5001,34.3,5.7823,142.3,5.9279,1079.898,502.4351,333.81,102.3867,134.509,115.2643,620.77,463.0194,2672.44,980.7103,7.3,0.8294,0.0,0.0,0.0,0.0,12.0,2.287,21.4,5.6846,24.8,5.2974,124.8,9.3557,2.0,0.0,200.0,0.0,0.037,0.009
qsem,beanstalk-noplace,beanstalk-noplace,,20,"{""q_sem"": 0.2}",10,6,0.23,0.1356,0.3802,0.137,543.5922,77.4469,4149.5724,2698.7775,10725.0753,6658.3828,0.651,0.1505,28.763,3.6411,0.03,0.0048,70.556,3.6534,69.971,15.8228,3138.033,639.2307,3.181,0.6511,7660.659,1093.1004,5.745,10.495,7626.206,1082.3075,11158.73,2229.5894,17.188,2.8395,1109.8,222.4379,0.0,0.0,76.4,27.3406,31.5,29.697,810.6,163.731,794.6,165.2644,4.4,1.7907,792.0,165.6286,0.0,0.0,1172.416,343.3681,252.445,28.2487,10054.508,3070.8131,22404.567,5252.2756,32198.75,4555.6834,21.0,2.1058,0.0,0.0,0.0,0.0,239.0,50.3805,293.4,61.5711,560.0,116.8413,816.4,164.1152,2.0,0.0,200.0,0.0,0.055,0.0136
qsem,beanstalk-noplace,beanstalk-noplace,,20,"{""q_sem"": 0.1}",10,8,0.6319,0.3204,0.748,0.2538,351.8645,124.0392,6602.9611,3603.9382,11053.9861,6449.4472,1.489,0.6156,20.864,2.38,0.029,0.0071,77.618,2.5213,79.757,13.1516,1486.151,642.6834,1.803,0.577,5469.579,1909.622,3.715,5.3894,5421.729,1911.9561,5521.36,2265.4897,13.754,2.9525,549.6,226.0648,0.0,0.0,45.7,13.1898,11.4,10.4706,397.8,171.0074,349.5,173.3086,2.3,1.1209,349.0,173.3938,0.0,0.0,1020.624,290.6333,279.101,44.229,7892.633,3545.47,17033.789,6911.0359,20387.64,7307.4201,16.8,1.8407,0.0,0.0,0.0,0.0,105.2,52.5996,145.1,55.091,246.8,121.6194,404.4,172.0231,2.0,0.0,200.0,0.0,0.026,0.0077
qsem,beanstalk-noplace,beanstalk-noplace,,20,"{""q_sem"": 0.05}",10,9,1.6763,0.6669,2.0682,0.8468,162.0682,91.1429,1635.8042,1143.1295,4568.0138,2688.3493,3.658,1.3795,19.461,2.4582,0.048,0.0154,76.834,3.3036,80.537,15.8057,595.439,280.3025,1.111,0.099,2564.275,1563.9573,3.474,4.1144,2525.385,1568.8484,2514.97,431.3554,16.537,4.6793,250.1,42.0735,0.0,0.0,41.3,10.0203,20.1,29.2207,177.2,33.107,126.3,39.3528,1.4,0.6911,126.0,38.8584,0.0,0.0,1040.515,360.3875,271.528,45.3163,3412.938,3148.3511,7568.557,6136.1107,9293.06,5519.6728,13.9,1.5249,0.0,0.0,0.0,0.0,38.5,11.5105,63.0,13.1767,89.4,28.2487,187.1,30.5355,2.0,0.0,200.0,0.0,0.019,0.0023
qsem,beanstalk-noplace,beanstalk-noplace,,20,"{""q_sem"": 0.0}",10,10,4.7257,1.6735,5.3967,1.4458,52.4961,19.702,565.841,135.278,1161.6032,547.9909,10.202,3.6991,15.486,2.6186,0.102,0.0327,74.211,5.7266,86.903,4.0296,147.011,28.1096,0.863,0.0327,815.147,367.8472,6.182,5.5749,659.494,219.1928,1306.75,77.2214,25.233,7.6234,130.5,7.6912,0.0,0.0,35.9,5.6671,4.7,1.5099,92.3,8.5175,34.3,5.7823,0.3,0.3455,34.3,5.7823,0.0,0.0,842.261,369.4502,226.797,38.2684,507.957,301.1797,1403.653,862.313,2293.51,711.2191,8.3,1.3924,0.0,0.0,0.0,0.0,10.3,1.7859,23.1,6.0174,24.5,5.1719,107.4,7.5866,2.0,0.0,200.0,0.0,0.016,0.009
qsem,batched k=1,batched,,100,"{""batch_k"": 1, ""q_sem"": 0.0}",10,10,17.8734,1.5348,22.5605,1.0795,56.653,4.6741,189.8014,10.4129,533.3832,22.4939,7.565,0.7159,21.879,1.5671,46.865,3.0297,23.691,4.7436,422.879,9.6195,1229.657,70.5463,2636.568,146.7278,1376.195,366.4153,130.354,87.8669,0.0,0.0,24001.96,959.4881,71.217,4.6877,2664.5,101.2761,721.0,45.3743,803.6,44.5156,145.6,15.7483,326.9,23.564,180.2,10.5872,20.0,3.6161,180.2,10.5872,0.0,0.0,0.0,0.0,0.0,0.0,25.159,14.552,272.52,152.5255,0.0,0.0,0.0,0.0,0.0,0.0,1464.3,89.6861,0.0,0.0,0.0,0.0,0.0,0.0,0.0,0.0,10.0,0.0,1000.0,0.0,0.116,0.0037
qsem,batched k=1,batched,,100,"{""batch_k"": 1, ""q_sem"": 0.05}",10,10,5.9105,0.3394,6.9933,0.179,170.2275,10.2857,698.5457,17.7461,1491.8233,63.8957,2.499,0.146,19.271,0.9605,57.632,3.101,20.597,3.9137,422.879,9.6195,3268.251,142.2915,9759.297,230.0171,3572.322,914.0521,194.924,73.5251,0.0,0.0,76992.63,1674.9791,75.775,3.9795,8187.8,172.8555,2776.6,106.5262,759.7,28.2162,147.6,13.5183,2625.4,126.0571,759.6,19.4386,21.8,3.9004,759.6,19.4386,0.0,0.0,0.0,0.0,0.0,0.0,64.546,46.037,782.404,375.9386,0.0,0.0,0.0,0.0,0.0,0.0,6406.4,155.2421,0.0,0.0,0.0,0.0,0.0,0.0,0.0,0.0,10.0,0.0,1000.0,0.0,0.2,0.0034
qsem,batched k=1,batched,,100,"{""batch_k"": 1, ""q_sem"": 0.1}",10,10,4.2501,0.191,4.7559,0.0849,236.1228,10.5597,1048.7067,21.158,2063.9606,77.0767,1.795,0.0769,19.936,0.57,62.087,2.3728,16.178,2.7715,422.879,9.6195,4699.453,138.1457,14621.2,301.9973,3868.749,814.0584,187.639,66.0346,0.0,0.0,113631.97,1897.9794,80.416,2.8298,11949.6,200.1075,4355.7,111.268,777.5,29.2475,152.2,18.133,4565.6,143.0015,1144.3,20.3386,19.6,4.1463,1144.3,20.3386,0.0,0.0,0.0,0.0,0.0,0.0,43.342,12.8287,694.362,218.9491,0.0,0.0,0.0,0.0,0.0,0.0,9785.7,179.5043,0.0,0.0,0.0,0.0,0.0,0.0,0.0,0.0,10.0,0.0,1000.0,0.0,0.255,0.0173
qsem,batched k=1,batched,,100,"{""batch_k"": 1, ""q_sem"": 0.2}",10,10,2.7715,0.1039,3.15,0.052,361.7159,13.552,1558.3222,25.4408,3216.304,155.0532,1.171,0.0453,20.582,0.5133,60.596,2.046,17.652,2.0831,422.879,9.6195,7444.171,336.7788,21874.262,350.2097,6430.281,969.654,329.901,141.3976,0.0,0.0,170893.99,3141.6938,78.868,2.1437,17812.3,326.4512,6827.0,156.5432,814.0,34.9567,162.1,14.972,7817.6,164.2652,1749.2,34.6492,21.0,3.1271,1749.2,34.6492,0.0,0.0,0.0,0.0,0.0,0.0,62.739,16.1383,1082.957,301.2178,0.0,0.0,0.0,0.0,0.0,0.0,15042.1,292.2145,0.0,0.0,0.0,0.0,0.0,0.0,0.0,0.0,10.0,0.0,1000.0,0.0,0.311,0.0063
qsem,batched-aimd,batched-aimd,,100,"{""q_sem"": 0.0}",10,10,12.2474,0.7679,13.6176,0.5844,82.2284,5.2523,376.1849,16.4862,683.0957,19.4043,5.187,0.3985,14.452,0.7084,65.332,2.3241,15.031,2.9238,422.879,9.6195,1183.471,52.7348,5360.849,289.8572,1255.635,306.9575,143.963,72.2475,0.0,0.0,39769.56,1701.3695,80.855,2.8656,4228.0,181.336,1461.6,91.1774,925.8,47.5628,159.8,15.2256,993.7,47.0427,180.2,10.5872,8.0,1.9949,180.2,10.5872,0.0,0.0,0.0,0.0,0.0,0.0,21.0,7.2284,237.337,114.8095,0.0,0.0,0.0,0.0,204.7,7.9871,3217.6,143.6461,0.0,0.0,0.0,0.0,0.0,0.0,0.0,0.0,10.0,0.0,1000.0,0.0,0.235,0.0132
qsem,batched-aimd,batched-aimd,,100,"{""q_sem"": 0.05}",10,10,5.1885,0.2016,5.769,0.0645,193.2557,7.6494,883.4257,12.4755,1580.8312,50.3502,2.193,0.0811,17.112,0.448,65.082,2.429,15.611,2.8619,422.879,9.6195,3301.821,65.6122,12546.64,161.8608,3054.224,676.3182,174.7,80.8921,0.0,0.0,93924.22,1073.4104,81.193,2.8768,9895.1,118.6071,3545.6,53.1345,861.3,42.2994,162.5,17.3199,3521.9,96.587,787.9,13.3543,18.5,4.1607,787.9,13.3543,0.0,0.0,0.0,0.0,0.0,0.0,43.667,20.1233,706.184,295.1877,0.0,0.0,0.0,0.0,146.8,8.2514,7992.0,106.2803,0.0,0.0,0.0,0.0,0.0,0.0,0.0,0.0,10.0,0.0,1000.0,0.0,0.296,0.0182
qsem,batched-aimd,batched-aimd,,100,"{""q_sem"": 0.1}",10,10,3.8089,0.1653,4.2723,0.1109,263.4647,12.0751,1192.4317,26.4755,2218.9193,85.0733,1.61,0.0659,18.363,0.5827,63.921,2.3102,16.11,2.763,422.879,9.6195,4830.263,173.207,16796.702,330.4451,4296.619,957.7873,199.608,116.1008,0.0,0.0,127395.61,2508.3268,80.789,2.7311,13345.8,258.3512,5002.5,126.3517,862.6,38.5974,167.8,15.5031,5391.5,160.6955,1171.1,28.8447,21.6,4.2008,1171.1,28.8447,0.0,0.0,0.0,0.0,0.0,0.0,69.655,77.4967,847.756,708.4141,0.0,0.0,0.0,0.0,112.5,5.9585,11061.2,230.0834,0.0,0.0,0.0,0.0,0.0,0.0,0.0,0.0,10.0,0.0,1000.0,0.0,0.323,0.0135
qsem,batched-aimd,batched-aimd,,100,"{""q_sem"": 0.2}",10,10,2.6591,0.0754,2.9478,0.0565,376.5807,10.4595,1698.9962,35.613,3371.8679,143.4524,1.125,0.0253,20.141,0.2825,63.395,1.5412,15.341,1.6206,422.879,9.6195,7585.01,244.3039,23851.471,440.2764,5798.708,722.5434,251.935,108.1223,0.0,0.0,183584.87,3485.9368,81.312,1.7149,19100.2,353.9965,7395.4,110.6137,853.8,38.9663,169.9,16.1026,8656.4,271.7917,1799.6,37.3442,22.2,4.4582,1799.6,37.3442,0.0,0.0,0.0,0.0,0.0,0.0,49.009,8.7772,855.628,195.0624,0.0,0.0,0.0,0.0,74.2,4.4582,16213.0,316.3015,0.0,0.0,0.0,0.0,0.0,0.0,0.0,0.0,10.0,0.0,1000.0,0.0,0.391,0.0201
qsem,batched-par k=1,batched-par,,100,"{""batch_k"": 1, ""q_sem"": 0.0}",10,10,20.7372,1.6903,32.2718,1.4134,48.7649,3.811,102.5091,6.1614,466.2552,16.7694,8.775,0.7723,27.379,1.9292,28.132,1.4176,35.716,3.6224,422.879,9.6195,1324.882,67.1765,1365.518,80.371,1763.211,300.5169,137.672,58.0921,0.0,0.0,17536.16,651.3256,60.38,3.5773,2007.3,78.5689,553.5,40.9614,906.2,45.2196,156.8,15.2442,245.3,20.1137,180.2,10.5872,22.2,5.0894,180.2,10.5872,0.0,0.0,0.0,0.0,0.0,0.0,35.49,20.8297,331.682,142.1357,0.0,0.0,0.0,0.0,0.0,0.0,804.9,68.6781,0.0,0.0,0.0,0.0,0.0,0.0,0.0,0.0,10.0,0.0,1000.0,0.0,0.13,0.0107
qsem,batched-par k=1,batched-par,,100,"{""batch_k"": 1, ""q_sem"": 0.05}",10,10,7.1774,0.4423,8.7371,0.1959,140.2703,8.7375,509.7715,13.4076,1377.2948,73.4432,3.033,0.1728,25.703,0.8697,48.162,3.4891,23.101,4.1686,422.879,9.6195,3596.055,161.2088,6707.06,203.2181,3301.032,790.2017,181.159,91.8382,0.0,0.0,61744.36,1086.0557,73.8,4.142,7147.0,126.6141,2961.6,92.7489,850.8,40.4931,165.9,18.5473,2327.5,62.8741,836.3,14.578,21.4,2.9627,836.3,14.578,0.0,0.0,0.0,0.0,0.0,0.0,40.74,15.7978,554.157,195.9773,0.0,0.0,0.0,0.0,0.0,0.0,5289.3,114.4909,0.0,0.0,0.0,0.0,0.0,0.0,0.0,0.0,10.0,0.0,1000.0,0.0,0.229,0.0041
qsem,batched-par k=1,batched-par,,100,"{""batch_k"": 1, ""q_sem"": 0.1}",10,10,4.7363,0.2196,5.7827,0.0971,211.9618,10.1512,805.7859,21.6017,2065.2645,82.213,2.0,0.0878,25.22,0.6503,49.945,2.86,22.833,3.2815,422.879,9.6195,5337.253,178.6828,10540.844,278.0651,4895.202,942.2302,239.972,80.107,0.0,0.0,94056.92,1538.691,74.219,3.3191,10840.8,204.3771,4798.6,179.9055,874.9,31.6832,170.0,18.0457,4173.3,46.958,1290.4,27.251,17.9,1.9209,1290.4,27.251,0.0,0.0,0.0,0.0,0.0,0.0,82.602,41.8362,1148.075,439.4796,0.0,0.0,0.0,0.0,0.0,0.0,8532.5,179.5398,0.0,0.0,0.0,0.0,0.0,0.0,0.0,0.0,10.0,0.0,1000.0,0.0,0.292,0.0106
qsem,batched-par k=1,batched-par,,100,"{""batch_k"": 1, ""q_sem"": 0.2}",10,10,3.1167,0.1633,3.647,0.1036,322.4316,17.1397,1278.691,39.2496,3268.853,98.4011,1.317,0.062,26.304,0.9226,52.718,2.5203,19.662,2.7861,422.879,9.6195,8469.477,419.0937,16936.859,518.4882,6413.945,1210.2671,319.372,112.866,0.0,0.0,149228.27,4193.5314,77.373,2.9767,17114.1,414.6803,8025.9,212.6153,915.5,31.2437,177.3,21.6125,7335.9,213.6604,2021.8,44.3616,20.8,1.5379,2021.8,44.3616,0.0,0.0,0.0,0.0,0.0,0.0,54.247,19.7217,824.96,324.1348,0.0,0.0,0.0,0.0,0.0,0.0,14071.5,373.632,0.0,0.0,0.0,0.0,0.0,0.0,0.0,0.0,10.0,0.0,1000.0,0.0,0.392,0.0175
qsem,beanstalk,beanstalk,,100,"{""q_sem"": 0.2}",10,0,0.004,0.0029,,,500.1488,0.0747,10.275,0.8086,10.4235,0.7933,0.118,0.0088,37.016,6.7559,0.038,0.0094,62.826,6.7627,59.251,3.4094,18513.162,3378.6151,19.851,4.1718,31422.612,3384.615,0.0,0.0,31422.612,3384.615,73290.07,16187.7296,24.425,5.395,7296.7,1610.3724,0.0,0.0,687.4,144.3504,456.5,236.7217,5430.0,1212.8272,5495.9,1230.8144,36.0,8.1278,5465.6,1224.1049,127.9,10.499,2494.052,1236.9025,216.139,14.8765,14992.4,2.7396,29996.857,1.6072,29989.91,3.8034,89.5,8.1784,0.0,0.0,0.0,0.0,1669.3,383.263,1863.5,405.0579,3862.6,855.9376,5432.0,1212.6129,10.0,0.0,1000.0,0.0,2.65,1.0311
qsem,beanstalk,beanstalk,,100,"{""q_sem"": 0.1}",10,0,0.004,0.0029,,,499.9651,0.2979,10.275,0.8086,10.4235,0.7933,0.169,0.0501,20.908,4.2187,0.021,0.0041,78.901,4.1999,84.244,24.9861,10454.225,2111.0501,10.72,1.881,39447.323,2093.7367,0.0,0.0,39447.323,2093.7367,38474.36,7457.7991,12.824,2.4831,3830.3,744.2703,0.0,0.0,388.3,129.1261,199.8,172.4475,2824.7,593.9659,2814.7,599.5534,20.1,3.7161,2799.8,594.6883,181.2,53.5019,2831.289,3952.9793,233.883,15.1542,14986.889,10.0933,29985.838,18.4678,29970.33,17.4007,79.3,4.9793,0.0,0.0,0.0,0.0,848.7,180.105,1002.9,155.8139,1986.1,423.7706,2826.7,593.4845,10.0,0.0,1000.0,0.0,0.725,0.2101
qsem,beanstalk,beanstalk,,100,"{""q_sem"": 0.05}",10,3,0.6147,0.5492,1.8432,0.4954,649.8109,169.6062,5593.789,4834.2769,12182.8472,9231.5888,0.473,0.1449,10.89,1.0995,0.017,0.0035,88.62,1.0825,297.103,89.5105,7026.935,1859.2149,10.771,2.4593,57646.285,15210.656,6.41,10.467,57578.74,15216.1965,29107.49,6937.7817,7.575,0.8565,2898.0,688.8673,0.0,0.0,713.1,202.1309,154.2,49.0886,2110.7,530.2981,1852.3,479.9429,13.8,3.8858,1844.7,481.8469,625.3,183.8143,1187.299,164.5923,230.936,14.0873,12343.7,2643.8904,27145.061,3785.2141,38867.81,10168.2331,67.0,4.1022,0.0,0.0,0.0,0.0,563.8,148.0802,779.5,165.2778,1302.4,335.9204,2117.9,531.9348,10.0,0.0,1000.0,0.0,0.536,0.1048
qsem,beanstalk,beanstalk,,100,"{""q_sem"": 0.0}",10,10,10.0722,1.1546,11.4652,2.4179,101.787,12.6217,829.9342,111.8644,1591.2847,298.0202,4.256,0.4919,9.856,0.8462,0.065,0.0077,85.824,1.3024,422.879,9.6195,986.21,49.0021,6.441,0.1283,8763.167,1221.5105,30.469,19.0586,8363.082,1144.5683,8556.35,124.9916,14.335,1.533,851.2,12.7236,0.0,0.0,598.9,25.5904,78.0,7.8285,701.1,15.3803,180.2,10.5872,2.2,0.7388,180.2,10.5872,896.9,5.9984,853.318,117.8101,203.808,6.5583,539.221,100.119,1596.712,297.9416,5806.51,770.3175,24.1,2.3228,0.0,0.0,0.0,0.0,55.9,4.961,115.8,13.2961,127.0,7.3025,735.4,13.383,10.0,0.0,1000.0,0.0,0.255,0.0155
qsem,beanstalk quarantine,beanstalk,,100,"{""green_mode"": ""quarantine"", ""q_sem"": 0.2}",10,10,0.9909,0.0871,1.2156,0.1347,1023.4381,92.2105,5103.6867,778.5969,32573.7997,5114.8338,0.416,0.0352,20.201,2.2793,0.028,0.0045,79.351,2.3078,422.879,9.6195,20407.992,1657.5909,28.088,2.2457,81484.85,9209.9784,2.827,5.6338,80822.212,9171.9729,79396.12,5411.9846,13.09,1.317,7901.2,533.4327,0.0,0.0,2341.0,320.2899,495.4,93.2142,972.2,72.1084,5275.3,426.081,35.5,4.6388,5275.3,426.081,868.6,6.1736,4479.221,530.5478,1426.46,142.2571,50.306,12.8441,758.451,225.7274,60123.12,5593.6705,260.1,33.2452,0.0,0.0,0.0,0.0,1695.8,147.6885,1901.8,156.2661,3717.8,293.2715,5999.4,381.5364,10.0,0.0,1000.0,0.0,1.877,0.7245
qsem,beanstalk quarantine,beanstalk,,100,"{""green_mode"": ""quarantine"", ""q_sem"": 0.1}",10,10,1.9979,0.1814,2.6316,0.2631,508.1991,48.3889,2686.2264,325.0426,12427.1653,2028.3482,0.844,0.0783,18.181,1.4911,0.029,0.0023,80.943,1.5582,422.879,9.6195,9147.565,587.7162,15.056,0.6083,41234.406,4594.4453,8.534,6.502,40956.188,4537.0097,38175.53,2028.3007,12.638,0.8631,3796.8,199.3744,0.0,0.0,1241.6,70.7742,231.3,43.6201,567.3,62.1582,2294.0,146.9422,18.6,3.8328,2294.0,146.9422,871.8,4.4069,3166.26,476.6471,1139.478,113.1208,49.713,9.108,564.852,85.5548,29817.71,2947.1939,172.4,15.4274,0.0,0.0,0.0,0.0,752.5,53.8878,895.6,63.6996,1606.9,99.0576,2901.1,141.2411,10.0,0.0,1000.0,0.0,4.445,0.7727
qsem,beanstalk quarantine,beanstalk,,100,"{""green_mode"": ""quarantine"", ""q_sem"": 0.05}",10,10,3.3803,0.2528,4.0713,0.4397,298.5962,21.0692,1316.6468,143.4586,5732.5698,742.4981,1.429,0.1043,14.905,1.1549,0.033,0.0035,83.631,1.2023,422.879,9.6195,4436.462,400.0216,9.894,0.4882,24990.387,1918.7134,30.165,15.3206,24806.33,1901.6873,20707.95,879.4294,11.623,0.6347,2060.6,85.6898,0.0,0.0,859.1,70.1807,139.0,14.6711,415.2,29.0712,1050.4,83.8272,7.7,1.7859,1050.4,83.8272,875.3,7.1056,2386.691,291.9021,966.071,77.7342,54.91,10.9651,585.498,144.938,17102.49,1307.5588,104.5,11.9516,0.0,0.0,0.0,0.0,345.4,28.065,412.3,26.4138,737.8,61.8692,1648.3,63.6843,10.0,0.0,1000.0,0.0,0.605,0.0601
qsem,beanstalk quarantine,beanstalk,,100,"{""green_mode"": ""quarantine"", ""q_sem"": 0.0}",10,10,8.5478,0.8545,8.4704,0.9648,118.6932,9.8141,411.9808,80.0461,1262.394,177.2227,3.617,0.3965,7.988,0.3347,0.053,0.0048,88.341,0.7083,422.879,9.6195,943.678,58.695,6.204,0.1341,10496.561,928.3685,28.11,18.9316,10166.859,887.2272,9284.31,245.1479,13.183,1.0608,924.4,24.0104,0.0,0.0,538.6,25.8243,70.3,7.0976,369.2,25.8784,180.2,10.5872,1.5,0.7726,180.2,10.5872,888.8,6.4404,1431.97,178.4774,462.488,45.2308,66.233,12.1199,629.162,132.845,6749.59,561.589,23.1,2.3471,0.0,0.0,0.0,0.0,65.9,5.3999,100.3,9.8312,126.0,7.3877,824.0,18.2056,10.0,0.0,1000.0,0.0,0.286,0.014
qsem,beanstalk-noplace,beanstalk-noplace,,100,"{""q_sem"": 0.2}",10,0,0.0056,0.0033,,,500.139,0.0968,9.453,0.5137,10.1949,0.9198,0.115,0.0061,35.711,4.8416,0.037,0.0068,64.135,4.8472,58.473,3.2681,17860.563,2420.4015,18.625,3.0735,32076.243,2425.3166,0.0,0.0,32076.243,2425.3166,68919.36,11676.5922,22.967,3.8942,6858.7,1162.1908,0.0,0.0,622.4,130.5205,551.6,347.5222,5146.1,870.029,5180.9,885.2356,35.3,10.567,5152.6,880.469,0.0,0.0,2114.859,1346.7527,219.3,12.1013,14991.758,2.4547,29995.922,2.1733,29989.53,5.5668,86.6,3.2202,0.0,0.0,0.0,0.0,1560.5,269.9887,1708.2,294.7013,3655.7,625.5421,5148.9,869.6229,10.0,0.0,1000.0,0.0,2.026,0.5623
qsem,beanstalk-noplace,beanstalk-noplace,,100,"{""q_sem"": 0.1}",10,0,0.043,0.0549,106.2995,,557.1943,88.335,4326.6186,6794.8583,4331.242,6800.9363,0.145,0.0331,19.272,4.505,0.02,0.0048,80.563,4.4949,82.545,27.5468,10418.924,2186.7256,10.46,2.4135,45207.502,8971.8648,0.0,0.0,45207.502,8971.8648,37150.77,9568.1298,11.484,3.3129,3697.5,952.0234,0.0,0.0,388.7,123.0735,225.0,111.7971,2761.6,724.651,2730.7,737.5803,19.1,6.2854,2719.4,733.8252,0.0,0.0,1489.223,450.2558,246.458,27.9577,14523.876,683.0871,29961.391,38.1841,33405.19,5293.2526,73.8,4.3024,0.0,0.0,0.0,0.0,819.8,219.3603,931.4,230.3971,1929.9,524.3678,2765.3,725.1674,10.0,0.0,1000.0,0.0,0.396,0.1577
qsem,beanstalk-noplace,beanstalk-noplace,,100,"{""q_sem"": 0.05}",10,2,0.3962,0.4441,36.6591,149.8314,598.3635,113.2887,4772.6366,4460.6268,8676.0527,8690.1122,0.445,0.1075,10.384,2.0416,0.015,0.0038,89.158,2.0405,268.891,82.4558,6066.188,1184.4729,9.395,2.0329,53491.88,10734.8919,28.253,56.7564,53406.183,10614.4701,24706.09,4802.6253,7.025,1.3169,2457.3,477.3734,0.0,0.0,660.6,210.4017,129.6,44.4185,1810.1,348.9623,1541.7,321.7748,12.3,2.8222,1537.6,322.2459,0.0,0.0,1332.186,340.1447,237.271,8.2067,13604.854,1649.9571,28642.633,2134.2519,35600.91,6501.3835,64.0,4.1981,0.0,0.0,0.0,0.0,470.5,93.6869,639.8,133.3573,1083.5,230.6625,1817.3,352.518,10.0,0.0,1000.0,0.0,0.206,0.0334
qsem,beanstalk-noplace,beanstalk-noplace,,100,"{""q_sem"": 0.0}",10,10,10.1407,1.1209,10.9605,1.8477,100.5601,10.1285,885.8258,111.9922,1703.7905,375.3048,4.295,0.5202,10.038,0.6806,0.066,0.006,85.601,1.1915,422.879,9.6195,998.954,57.1994,6.517,0.1354,8627.658,967.4092,18.036,11.9505,8239.826,944.9111,8574.51,233.8447,14.444,1.3918,852.8,22.5717,0.0,0.0,614.2,28.4425,76.9,7.9399,711.4,15.8096,180.2,10.5872,2.7,1.4326,180.2,10.5872,0.0,0.0,856.624,79.7712,202.297,6.9906,567.239,110.6891,1709.975,377.4385,5762.67,621.2602,24.1,1.6673,0.0,0.0,0.0,0.0,55.9,5.141,110.0,15.1777,127.4,8.1502,742.7,13.31,10.0,0.0,1000.0,0.0,0.081,0.0149
queue,batched k=1,batched,,5,"{""batch_k"": 1}",10,10,2.9504,0.5475,4.4249,0.371,18.0133,3.312,11.1402,0.2213,232.7295,56.5054,25.938,5.0542,33.537,4.9334,13.47,2.6226,27.054,7.4921,22.069,1.7169,30.503,8.0517,11.395,0.4553,26.1,10.4139,0.248,0.561,0.0,0.0,642.24,26.6948,31.512,5.7644,65.1,3.1892,4.8,1.2972,2.0,1.1184,0.7,0.7578,9.9,2.0909,8.9,2.2481,1.0,0.754,8.9,2.2481,0.0,0.0,0.0,0.0,0.0,0.0,65.801,32.9286,308.135,137.7008,0.0,0.0,0.0,0.0,0.0,0.0,5.2,1.3821,0.0,0.0,0.0,0.0,0.0,0.0,0.0,0.0,2.0,0.0,50.0,0.0,0.016,0.009
queue,batched k=16,batched,,5,"{""batch_k"": 16}",10,10,3.2504,0.6139,4.3638,0.5788,16.5296,3.4925,11.1281,0.288,229.6897,59.5336,28.709,6.0844,33.863,5.8854,15.138,2.6952,22.292,8.2366,22.069,1.7169,28.418,8.6474,11.782,1.1739,20.38,10.9604,0.529,0.8013,0.0,0.0,628.86,37.5562,33.629,5.4519,63.8,4.2358,4.6,1.3572,2.1,1.141,0.6,0.7689,10.4,2.6594,8.9,2.2481,0.4,0.3694,8.9,2.2481,0.0,0.0,0.0,0.0,0.0,0.0,54.237,33.6783,263.609,143.2549,0.0,0.0,0.0,0.0,1.0,1.3488,5.1,1.5977,0.0,0.0,0.0,0.0,0.0,0.0,0.0,0.0,2.0,0.0,50.0,0.0,0.013,0.0068
queue,batched-par k=1,batched-par,,5,"{""batch_k"": 1}",10,10,3.2033,0.6028,4.195,0.3897,16.7089,3.3848,10.7156,0.2091,239.3081,53.8109,28.218,5.7026,36.117,4.6699,13.956,2.5191,21.71,8.3501,22.069,1.7169,30.364,7.8962,10.932,0.4267,20.178,10.777,0.0,0.0,0.0,0.0,618.28,21.6305,32.785,5.5936,61.7,2.456,1.6,0.9048,1.9,0.9204,0.7,0.7578,10.1,2.0358,8.9,2.2481,1.2,0.8121,8.9,2.2481,0.0,0.0,0.0,0.0,0.0,0.0,53.641,34.2571,266.97,144.2196,0.0,0.0,0.0,0.0,0.0,0.0,1.6,0.9048,0.0,0.0,0.0,0.0,0.0,0.0,0.0,0.0,2.0,0.0,50.0,0.0,0.015,0.0077
queue,batched-par k=4,batched-par,,5,"{""batch_k"": 4}",10,10,3.1747,0.5704,4.2437,0.3725,16.7831,3.3159,10.8364,0.1729,230.4472,56.9342,27.922,5.2016,34.83,4.6744,13.837,2.5206,23.414,6.9983,22.069,1.7169,29.587,8.075,10.914,0.463,21.344,10.0655,1.463,2.6672,0.0,0.0,607.83,22.0391,31.961,5.3185,60.6,2.3652,1.8,1.0003,1.8,1.0003,0.7,0.7578,10.1,1.9502,8.9,2.2481,1.0,0.754,8.9,2.2481,0.0,0.0,0.0,0.0,0.0,0.0,54.073,32.3607,272.651,132.5912,0.0,0.0,0.0,0.0,0.2,0.3016,1.8,1.0003,0.0,0.0,0.0,0.0,0.0,0.0,0.0,0.0,2.0,0.0,50.0,0.0,0.013,0.0068
queue,batched k=1,batched,,20,"{""batch_k"": 1}",10,10,5.0202,1.2621,8.2952,0.2637,45.9089,14.7855,66.2791,6.6563,416.2514,43.4328,10.813,2.6343,24.001,3.3051,26.952,8.7445,38.235,13.8424,86.903,4.0296,204.343,31.2329,208.085,19.6128,418.851,280.7377,20.547,29.1341,0.0,0.0,2795.16,59.5508,58.551,14.8446,285.8,7.3165,29.1,2.8702,39.9,6.7393,6.7,1.5099,49.7,5.2135,43.7,4.9103,3.6,1.726,43.7,4.9103,0.0,0.0,0.0,0.0,0.0,0.0,235.536,267.0365,930.548,812.0912,0.0,0.0,0.0,0.0,0.0,0.0,38.5,3.6357,0.0,0.0,0.0,0.0,0.0,0.0,0.0,0.0,2.0,0.0,200.0,0.0,0.02,0.0
queue,batched k=16,batched,,20,"{""batch_k"": 16}",10,10,4.3212,1.1536,5.8132,0.8549,53.032,15.8645,127.0648,28.6447,522.943,54.0875,9.341,2.5329,19.249,3.3558,42.027,9.6846,29.383,12.9121,86.903,4.0296,189.103,31.395,404.709,74.9542,379.926,294.9865,65.521,80.3199,0.0,0.0,3601.63,440.698,62.807,12.5044,390.2,47.6702,90.5,10.7283,40.9,6.4901,4.4,1.3146,191.8,31.5957,42.5,5.4083,0.9,0.406,42.5,5.4083,0.0,0.0,0.0,0.0,0.0,0.0,221.329,297.5554,846.81,911.9316,0.0,0.0,0.0,0.0,129.2,21.4348,130.8,18.6157,0.0,0.0,0.0,0.0,0.0,0.0,0.0,0.0,2.0,0.0,200.0,0.0,0.027,0.0107
queue,batched-par k=1,batched-par,,20,"{""batch_k"": 1}",10,10,5.4092,1.3417,9.0,0.2312,43.0205,14.8804,56.1602,6.1758,404.6068,51.9581,11.637,2.7864,25.428,4.1501,24.621,7.4889,38.316,13.264,86.903,4.0296,199.306,29.8688,178.085,16.8818,396.119,281.5958,18.924,29.5784,0.0,0.0,2620.12,55.2016,58.994,14.4308,264.7,6.5737,15.9,2.7898,39.6,7.0345,6.5,1.9149,47.2,4.802,43.7,5.081,3.1,0.9802,43.7,5.081,0.0,0.0,0.0,0.0,0.0,0.0,226.046,299.4865,837.3,855.7846,0.0,0.0,0.0,0.0,0.0,0.0,17.9,3.0618,0.0,0.0,0.0,0.0,0.0,0.0,0.0,0.0,2.0,0.0,200.0,0.0,0.02,0.0
queue,batched-par k=4,batched-par,,20,"{""batch_k"": 4}",10,10,5.2884,1.3569,7.9981,0.8957,44.1004,15.0772,71.027,17.0001,449.3379,55.4307,11.408,2.926,23.794,4.1905,31.096,9.3653,33.704,14.4355,86.903,4.0296,191.638,31.7528,234.509,45.8258,368.957,293.5389,36.996,33.4028,0.0,0.0,2806.47,308.891,61.426,15.0399,297.2,33.8139,56.7,9.5079,39.5,6.6868,4.7,1.2639,124.5,20.8307,42.9,5.8643,1.1,0.7113,42.9,5.8643,0.0,0.0,0.0,0.0,0.0,0.0,207.166,274.3624,756.199,841.2369,0.0,0.0,0.0,0.0,71.1,12.983,86.6,16.7354,0.0,0.0,0.0,0.0,0.0,0.0,0.0,0.0,2.0,0.0,200.0,0.0,0.022,0.0074
queue,batched k=1,batched,,100,"{""batch_k"": 1}",10,10,12.0807,0.7434,14.7223,0.597,83.329,5.1303,307.7453,14.2419,751.0959,31.4161,5.108,0.3345,20.158,1.0221,52.685,3.2967,22.048,4.411,422.879,9.6195,1672.963,70.4374,4368.298,196.7535,1868.756,464.6952,163.808,69.4136,0.0,0.0,36562.39,1406.5651,73.501,4.3229,4015.3,145.8182,1198.0,52.157,768.8,25.7661,146.5,16.253,770.6,62.8369,329.5,15.0243,19.7,2.08,329.5,15.0243,0.0,0.0,0.0,0.0,0.0,0.0,29.342,14.0399,355.754,149.9935,0.0,0.0,0.0,0.0,0.0,0.0,2666.1,130.7348,0.0,0.0,0.0,0.0,0.0,0.0,0.0,0.0,10.0,0.0,1000.0,0.0,0.169,0.0141
queue,batched k=16,batched,,100,"{""batch_k"": 16}",10,10,3.193,0.1119,3.1891,0.1301,313.849,10.7728,1760.4857,65.9865,2398.4532,80.2025,1.349,0.0561,5.585,0.2094,85.216,2.2865,7.849,2.3604,422.879,9.6195,1750.452,58.0756,26742.213,1125.9375,2469.359,776.3616,220.056,108.9299,0.0,0.0,107669.47,3844.0881,57.193,1.127,11377.3,394.9295,5103.3,173.2317,1098.3,54.5774,197.8,19.9313,5466.6,204.955,343.3,11.6226,2.3,1.1209,343.3,11.6226,0.0,0.0,0.0,0.0,0.0,0.0,51.601,22.2319,573.015,437.4919,0.0,0.0,0.0,0.0,1385.0,52.2517,9232.6,327.2214,0.0,0.0,0.0,0.0,0.0,0.0,0.0,0.0,10.0,0.0,1000.0,0.0,1.72,0.0716
queue,batched-par k=1,batched-par,,100,"{""batch_k"": 1}",10,10,14.0456,1.4341,20.1266,0.8129,72.5681,7.7676,193.1764,11.8568,679.174,23.4142,5.937,0.6193,25.606,2.4533,35.614,3.6731,32.842,6.4184,422.879,9.6195,1826.845,61.9233,2540.309,134.0196,2466.773,751.5449,141.847,75.2218,0.0,0.0,27118.55,840.3698,63.414,6.322,3208.2,103.7981,1121.6,51.8072,856.9,40.7473,156.7,17.3159,610.0,32.7326,347.8,13.0892,19.7,3.0169,347.8,13.0892,0.0,0.0,0.0,0.0,0.0,0.0,56.952,40.985,512.026,273.3081,0.0,0.0,0.0,0.0,0.0,0.0,1840.7,92.6752,0.0,0.0,0.0,0.0,0.0,0.0,0.0,0.0,10.0,0.0,1000.0,0.0,0.169,0.0109
queue,batched-par k=4,batched-par,,100,"{""batch_k"": 4}",10,10,5.451,0.2403,5.7121,0.2825,184.1038,8.4037,960.4317,40.943,1415.0526,57.8267,2.305,0.1118,9.097,0.3438,76.563,3.2037,12.032,3.3816,422.879,9.6195,1672.23,69.3156,14076.329,667.9351,2238.946,720.8853,243.956,164.312,0.0,0.0,93783.31,3997.0894,85.038,3.4085,9922.8,419.0829,4139.2,202.4371,949.5,48.1017,171.2,14.3053,4171.8,210.5529,339.3,12.9286,2.4,1.1778,339.3,12.9286,0.0,0.0,0.0,0.0,0.0,0.0,40.757,17.4318,553.231,260.9606,0.0,0.0,0.0,0.0,679.8,28.4884,8461.5,369.1137,0.0,0.0,0.0,0.0,0.0,0.0,0.0,0.0,10.0,0.0,1000.0,0.0,0.558,0.0267
queue,batched k=1,batched,,500,"{""batch_k"": 1}",10,10,13.1352,0.2198,13.9321,0.2304,380.8498,6.5791,2052.7085,26.3813,2537.4754,38.5147,1.118,0.0213,5.892,0.1477,81.973,1.6598,11.018,1.6377,2128.652,19.1432,11217.978,281.8142,156028.416,2279.3102,21049.866,3492.7452,1951.741,464.456,0.0,0.0,389623.79,4778.6261,34.117,0.6431,41197.8,495.7683,12386.8,278.4913,6909.9,138.6485,1539.0,50.545,8908.2,226.1932,1839.6,24.8092,103.3,5.5515,1839.6,24.8092,0.0,0.0,0.0,0.0,0.0,0.0,23.709,13.4999,615.278,279.1125,0.0,0.0,0.0,0.0,0.0,0.0,34254.9,470.7042,0.0,0.0,0.0,0.0,0.0,0.0,0.0,0.0,50.0,0.0,5000.0,0.0,2.926,0.2717
queue,batched-par k=1,batched-par,,500,"{""batch_k"": 1}",10,10,15.8262,0.4971,17.3094,0.509,316.4806,9.9379,1640.072,45.085,2226.5863,45.6526,1.347,0.036,10.253,0.3961,74.075,2.9215,14.326,3.1433,2128.652,19.1432,16198.65,430.1844,117015.263,3060.3867,22897.715,5766.3573,1887.733,407.6368,0.0,0.0,488104.33,11948.3548,51.509,2.1488,56104.1,1298.8751,23782.3,670.0491,12132.4,289.4437,2399.6,67.2399,12892.3,309.5425,2269.3,36.8829,105.2,3.5654,2269.3,36.8829,0.0,0.0,0.0,0.0,0.0,0.0,50.176,55.9717,870.345,720.1368,0.0,0.0,0.0,0.0,0.0,0.0,48729.6,1262.5615,0.0,0.0,0.0,0.0,0.0,0.0,0.0,0.0,50.0,0.0,5000.0,0.0,11.891,0.1828
queue,batched k=1,batched,,1000,"{""batch_k"": 1}",10,10,13.8267,0.2315,14.2794,0.2235,723.5941,12.0843,4109.7605,59.9523,4615.5623,83.9851,0.589,0.0086,3.192,0.0679,87.989,1.1925,8.228,1.2003,4265.32,19.8639,23103.12,460.3864,636535.048,9235.9183,59690.618,9450.2363,5876.031,1160.5192,0.0,0.0,767134.6,10379.0978,17.672,0.2329,81210.4,1051.6962,24423.1,444.0552,15409.7,157.6001,3746.0,95.0572,17106.4,368.2816,3611.0,47.8823,205.2,7.8198,3611.0,47.8823,0.0,0.0,0.0,0.0,0.0,0.0,17.609,9.1785,639.256,370.4268,0.0,0.0,0.0,0.0,0.0,0.0,67394.2,1000.2907,0.0,0.0,0.0,0.0,0.0,0.0,0.0,0.0,100.0,0.0,10000.0,0.0,5.11,0.707
queue,batched-par k=1,batched-par,,1000,"{""batch_k"": 1}",10,10,16.7896,0.2405,17.4651,0.3055,595.8215,8.4862,3347.4217,43.7421,3966.3638,67.4112,0.718,0.0121,5.8,0.1188,84.004,1.0153,9.478,1.0169,4265.32,19.8639,34552.467,580.8882,500448.727,6932.3189,56554.972,6564.3445,4784.118,770.5568,0.0,0.0,979916.44,12580.939,27.417,0.3495,112727.9,1622.4698,47737.9,971.1622,27359.2,401.0232,5903.1,196.6696,25970.0,418.4913,4596.3,56.3194,207.9,9.822,4596.3,56.3194,0.0,0.0,0.0,0.0,0.0,0.0,13.757,4.7278,567.728,249.8932,0.0,0.0,0.0,0.0,0.0,0.0,97923.7,1577.9571,0.0,0.0,0.0,0.0,0.0,0.0,0.0,0.0,100.0,0.0,10000.0,0.0,39.522,0.3207
